主机,事件数,年份
h01,342,2026
h01,321,2026
h01,167,2026
h02,191,2025
h03,108,2024
h03,339,2024
h04,126,2026
h05,111,2025
h05,132,2025
h05,71,2025
h05,143,2025
h06,105,2024
h06,392,2024
h06,202,2024
h07,148,2026
h07,237,2026
h08,20,2025
h08,24,2025
h08,359,2025
h09,361,2024
h10,198,2026
h10,279,2026
h10,322,2026
h10,365,2026
h11,44,2025
h12,139,2024
h12,309,2024
h12,144,2024
h13,20,2026
h13,329,2026
h13,264,2026
h13,392,2026
h14,381,2025
h15,391,2024
h16,310,2026
h16,236,2026
h17,239,2025
h17,28,2025
h17,390,2025
h18,346,2024
h19,66,2026
h19,205,2026
h20,185,2025
h20,106,2025
h20,338,2025
h20,85,2025
