订单日期,产品类别,销售额,销量,地区,客户细分,利润
2024-01-01,家居,1753.36,36.0,华南,个人客户,446.71
2024-01-01,美妆,205.62,19.0,华北,新客,24.0
2024-01-01,服装,550.69,38.0,华东,新客,165.19
2024-01-01,食品,990.82,7.0,华东,企业客户,235.1
2024-01-01,美妆,227.23,38.0,华北,新客,25.19
2024-01-02,电子产品,1881.55,25.0,华北,老客,598.18
2024-01-02,食品,1171.24,49.0,华东,企业客户,66.83
2024-01-02,服装,982.59,40.0,华南,老客,56.25
2024-01-02,美妆,1086.99,17.0,华东,新客,179.48
2024-01-02,电子产品,1738.06,50.0,华北,个人客户,160.63
2024-01-02,电子产品,752.67,21.0,华东,企业客户,179.49
2024-01-03,电子产品,1798.56,6.0,华北,个人客户,618.67
2024-01-03,服装,1513.08,25.0,东北,个人客户,146.58
2024-01-03,美妆,1390.37,33.0,华东,企业客户,241.76
2024-01-03,家居,1433.54,24.0,东北,企业客户,350.63
2024-01-03,家居,527.97,20.0,东北,新客,111.69
2024-01-03,服装,173.05,17.0,东北,新客,19.52
2024-01-03,服装,102.62,38.0,华南,老客,22.85
2024-01-03,家居,825.55,22.0,华南,新客,212.61
2024-01-03,家居,1486.09,35.0,华东,新客,321.23
2024-01-03,服装,-1261.54,13.0,西南,个人客户,-394.13
2024-01-03,服装,1836.63,49.0,华北,新客,146.47
2024-01-04,电子产品,1425.21,49.0,华南,企业客户,460.5
2024-01-04,食品,177.84,3.0,华北,个人客户,29.9
2024-01-04,电子产品,767.19,6.0,华北,个人客户,101.7
2024-01-04,服装,1847.32,21.0,华北,企业客户,452.0
2024-01-04,服装,1130.9,32.0,华南,新客,328.62
2024-01-04,电子产品,976.62,49.0,华东,老客,340.48
2024-01-05,电子产品,903.48,13.0,华北,个人客户,176.03
2024-01-05,电子产品,1672.93,36.0,西南,老客,239.8
2024-01-05,服装,1693.81,22.0,华北,个人客户,257.0
2024-01-05,服装,1400.82,31.0,华北,老客,430.15
2024-01-05,服装,478.03,8.0,华东,老客,49.9
2024-01-05,美妆,1491.66,6.0,西南,个人客户,454.85
2024-01-05,电子产品,1173.45,1.0,西南,个人客户,86.4
2024-01-05,电子产品,1913.82,12.0,华南,个人客户,449.31
2024-01-05,家居,1566.45,24.0,华东,新客,470.97
2024-01-05,服装,174.46,40.0,华东,新客,17.22
2024-01-06,美妆,1783.27,49.0,华东,老客,118.37
2024-01-06,家居,837.31,48.0,东北,个人客户,136.53
2024-01-06,家居,581.17,39.0,华东,个人客户,152.03
2024-01-06,家居,1557.74,13.0,东北,个人客户,195.03
2024-01-06,服装,1055.45,6.0,华东,个人客户,93.5
2024-01-06,电子产品,1654.71,30.0,东北,新客,571.13
2024-01-06,电子产品,433.85,21.0,西南,老客,106.47
2024-01-06,服装,811.16,39.0,华北,企业客户,88.43
2024-01-06,服装,80.52,35.0,西南,老客,10.88
2024-01-06,服装,830.5,42.0,华北,企业客户,138.37
2024-01-06,家居,1988.0,40.0,东北,老客,195.49
2024-01-07,食品,1682.34,11.0,华北,老客,139.25
2024-01-07,食品,855.57,19.0,西南,老客,233.93
2024-01-07,食品,434.71,17.0,华南,老客,40.82
2024-01-07,服装,371.65,23.0,东北,老客,39.57
2024-01-07,家居,528.01,20.0,东北,老客,35.23
2024-01-07,电子产品,300.98,46.0,华东,个人客户,50.56
2024-01-07,电子产品,460.46,6.0,东北,个人客户,106.51
2024-01-08,,1573.31,14.0,华北,新客,209.71
2024-01-08,家居,1123.61,32.0,华东,老客,367.02
2024-01-08,服装,403.98,49.0,西南,新客,49.39
2024-01-08,食品,1144.01,1.0,西南,企业客户,295.61
2024-01-08,美妆,262.0,33.0,华南,个人客户,33.47
2024-01-08,服装,472.01,5.0,华东,老客,157.26
2024-01-08,家居,1584.43,17.0,华南,新客,291.8
2024-01-08,家居,575.86,11.0,华东,企业客户,175.84
2024-01-08,家居,462.21,16.0,华北,新客,58.28
2024-01-08,食品,269.26,2.0,东北,新客,93.64
2024-01-08,电子产品,921.01,22.0,华东,个人客户,146.59
2024-01-09,食品,781.18,49.0,华北,老客,114.42
2024-01-09,服装,231.22,23.0,华南,企业客户,13.7
2024-01-09,美妆,1097.21,34.0,华南,老客,152.97
2024-01-09,美妆,1713.55,28.0,华南,新客,122.69
2024-01-09,家居,1645.54,19.0,华南,老客,384.57
2024-01-09,电子产品,1209.45,47.0,华北,新客,365.21
2024-01-09,食品,473.7,33.0,东北,个人客户,82.87
2024-01-09,食品,1333.66,38.0,西南,企业客户,107.63
2024-01-09,电子产品,850.46,44.0,华南,新客,88.44
2024-01-09,家居,1874.26,18.0,西南,企业客户,632.09
2024-01-09,服装,1002.57,22.0,西南,企业客户,116.65
2024-01-10,电子产品,50.4,46.0,华北,老客,12.7
2024-01-10,美妆,1198.46,28.0,华东,企业客户,77.3
2024-01-10,美妆,392.09,41.0,华南,个人客户,108.49
2024-01-10,美妆,1891.7,10.0,东北,新客,145.87
2024-01-10,服装,1817.83,1.0,华东,老客,117.44
2024-01-10,电子产品,337.69,2.0,华北,个人客户,28.26
2024-01-10,美妆,1628.87,39.0,华东,个人客户,277.52
2024-01-10,电子产品,1050.53,39.0,华南,企业客户,161.19
2024-01-10,食品,436.08,48.0,华东,老客,112.68
2024-01-10,家居,1874.38,2.0,华南,老客,219.04
2024-01-10,美妆,835.3,5.0,东北,企业客户,76.26
2024-01-11,美妆,1097.06,22.0,西南,新客,186.26
2024-01-11,美妆,988.13,34.0,西南,新客,225.35
2024-01-11,美妆,1217.77,46.0,华东,企业客户,199.63
2024-01-11,家居,711.55,10.0,东北,个人客户,239.15
2024-01-11,美妆,173.69,37.0,华北,新客,44.91
2024-01-11,服装,433.84,36.0,华北,企业客户,32.11
2024-01-11,服装,746.46,19.0,西南,个人客户,258.58
2024-01-11,服装,1109.18,33.0,华南,老客,148.39
2024-01-11,服装,624.72,8.0,华东,新客,47.07
2024-01-11,家居,1076.82,46.0,华东,个人客户,364.02
2024-01-12,服装,295.97,27.0,华东,新客,30.82
2024-01-12,电子产品,763.94,46.0,华北,老客,136.97
2024-01-12,家居,1408.45,9.0,西南,企业客户,327.95
2024-01-12,服装,326.42,10.0,西南,个人客户,112.4
2024-01-12,食品,1438.94,18.0,华北,企业客户,383.44
2024-01-12,服装,308.26,12.0,华东,新客,35.89
2024-01-12,电子产品,1890.46,41.0,东北,老客,540.5
2024-01-12,家居,1896.32,9.0,华北,个人客户,310.06
2024-01-12,家居,-1984.41,6.0,华北,新客,-163.99
2024-01-12,家居,1792.85,29.0,华北,老客,173.22
2024-01-12,食品,593.12,6.0,华南,老客,115.03
2024-01-13,服装,1901.27,32.0,华北,企业客户,635.9
2024-01-13,食品,1910.89,47.0,华东,企业客户,169.35
2024-01-13,食品,1844.13,12.0,东北,新客,469.49
2024-01-13,美妆,441.24,36.0,华南,老客,28.33
2024-01-13,食品,1324.58,46.0,西南,老客,127.76
2024-01-13,食品,684.36,10.0,华东,个人客户,116.85
2024-01-13,服装,717.11,41.0,华北,老客,80.32
2024-01-14,食品,310.33,16.0,西南,企业客户,49.44
2024-01-14,家居,934.89,20.0,西南,老客,133.66
2024-01-14,食品,826.14,16.0,东北,企业客户,113.96
2024-01-14,电子产品,1772.15,37.0,华东,企业客户,175.96
2024-01-14,家居,-991.83,45.0,华南,老客,-225.91
2024-01-14,电子产品,-722.83,34.0,华北,个人客户,-125.75
2024-01-14,服装,1158.1,49.0,华北,老客,198.06
2024-01-14,家居,1288.52,6.0,东北,新客,349.41
2024-01-14,家居,1060.02,1.0,华东,老客,279.81
2024-01-14,食品,400.76,33.0,华东,企业客户,128.58
2024-01-14,食品,1796.07,47.0,华北,企业客户,317.77
2024-01-14,美妆,400.27,7.0,华东,新客,37.25
2024-01-14,服装,1210.05,5.0,华南,老客,418.6
2024-01-15,电子产品,1979.11,49.0,东北,企业客户,472.22
2024-01-15,美妆,22.02,21.0,华东,个人客户,6.96
2024-01-15,家居,137.9,48.0,东北,企业客户,47.57
2024-01-15,电子产品,1509.26,45.0,华东,个人客户,237.35
2024-01-15,美妆,1311.41,38.0,华南,企业客户,91.06
2024-01-15,美妆,227.74,36.0,华南,个人客户,39.62
2024-01-15,家居,1360.22,47.0,东北,新客,211.4
2024-01-15,食品,1133.42,39.0,东北,老客,261.33
2024-01-15,美妆,1398.12,2.0,华南,企业客户,174.4
2024-01-15,美妆,66.38,46.0,华南,老客,21.89
2024-01-15,电子产品,383.02,18.0,华东,企业客户,111.26
2024-01-15,家居,1720.21,45.0,西南,新客,517.93
2024-01-16,食品,1157.08,9.0,东北,个人客户,90.0
2024-01-16,食品,298.36,15.0,华南,企业客户,54.0
2024-01-16,服装,1101.24,13.0,华南,新客,173.15
2024-01-16,食品,226.48,41.0,华东,老客,68.78
2024-01-16,家居,831.07,39.0,东北,新客,242.11
2024-01-16,美妆,1499.63,22.0,华北,新客,225.68
2024-01-16,美妆,529.88,23.0,华南,新客,46.03
2024-01-16,电子产品,962.5,35.0,华东,企业客户,162.19
2024-01-16,服装,129.28,23.0,东北,新客,12.56
2024-01-17,食品,1167.59,34.0,华北,老客,235.68
2024-01-17,美妆,1232.81,39.0,东北,个人客户,317.84
2024-01-17,电子产品,1080.64,24.0,华东,个人客户,234.7
2024-01-17,食品,1028.52,30.0,华南,老客,59.0
2024-01-17,电子产品,725.03,34.0,华南,企业客户,181.03
2024-01-17,电子产品,1422.94,43.0,东北,个人客户,389.53
2024-01-17,食品,1729.28,26.0,东北,老客,324.93
2024-01-17,食品,445.4,44.0,西南,新客,47.21
2024-01-17,家居,258.52,9.0,东北,老客,13.13
2024-01-17,电子产品,183.25,39.0,华南,企业客户,38.12
2024-01-18,家居,1587.35,3.0,西南,新客,511.81
2024-01-18,服装,1706.83,37.0,西南,老客,194.89
2024-01-18,家居,450.31,12.0,东北,企业客户,108.33
2024-01-18,家居,1275.91,42.0,东北,个人客户,375.62
2024-01-18,美妆,1217.6,18.0,东北,个人客户,391.05
2024-01-18,家居,798.96,45.0,西南,企业客户,199.29
2024-01-18,食品,787.76,36.0,东北,企业客户,169.85
2024-01-18,电子产品,449.5,39.0,华北,老客,98.58
2024-01-18,家居,247.44,49.0,西南,新客,54.71
2024-01-18,电子产品,906.79,3.0,华南,新客,256.59
2024-01-18,服装,929.69,37.0,东北,企业客户,281.91
2024-01-18,电子产品,417.55,15.0,华南,老客,142.35
2024-01-18,电子产品,885.86,17.0,东北,个人客户,163.78
2024-01-18,家居,163.71,1.0,东北,老客,50.27
2024-01-18,家居,721.1,22.0,华北,老客,175.7
2024-01-18,电子产品,892.44,22.0,东北,企业客户,72.03
2024-01-19,电子产品,1451.42,5.0,东北,企业客户,349.37
2024-01-19,美妆,1003.65,13.0,西南,老客,52.31
2024-01-19,电子产品,515.05,38.0,华南,个人客户,54.44
2024-01-19,电子产品,619.5,50.0,华南,新客,57.55
2024-01-19,服装,1562.39,14.0,西南,企业客户,456.06
2024-01-19,家居,1154.93,43.0,华北,老客,241.4
2024-01-19,美妆,332.91,20.0,华北,个人客户,21.21
2024-01-19,食品,356.97,18.0,华北,企业客户,57.68
2024-01-19,服装,1934.45,27.0,华东,老客,589.32
2024-01-19,服装,1105.64,24.0,东北,企业客户,374.04
2024-01-19,美妆,690.13,30.0,西南,个人客户,36.03
2024-01-19,家居,216.15,49.0,西南,老客,74.55
2024-01-20,家居,1171.92,24.0,西南,企业客户,171.53
2024-01-20,家居,359.93,23.0,西南,新客,75.24
2024-01-20,服装,151.07,45.0,华东,老客,14.48
2024-01-20,服装,474.5,15.0,华东,老客,106.96
2024-01-20,美妆,1168.5,44.0,西南,企业客户,243.24
2024-01-20,家居,1664.38,32.0,西南,老客,306.33
2024-01-20,服装,445.97,47.0,华东,新客,116.43
2024-01-21,电子产品,1911.92,36.0,华南,老客,300.15
2024-01-21,服装,1894.6,26.0,华东,企业客户,582.2
2024-01-21,服装,925.31,31.0,华南,企业客户,308.03
2024-01-21,食品,622.39,30.0,华北,老客,165.78
2024-01-21,美妆,596.97,17.0,华北,老客,64.65
2024-01-22,食品,976.56,6.0,西南,企业客户,147.7
2024-01-22,家居,1676.64,10.0,东北,企业客户,535.06
2024-01-22,服装,1015.47,16.0,东北,企业客户,78.45
2024-01-22,美妆,-804.97,44.0,西南,个人客户,-277.75
2024-01-22,食品,1992.78,48.0,东北,老客,679.15
2024-01-22,家居,322.59,29.0,西南,个人客户,44.04
2024-01-22,电子产品,824.05,38.0,东北,老客,95.36
2024-01-23,家居,1276.31,5.0,华北,老客,98.6
2024-01-23,电子产品,1726.35,10.0,华南,新客,559.91
2024-01-23,服装,663.56,10.0,华南,个人客户,125.1
2024-01-23,家居,933.08,21.0,东北,个人客户,298.47
2024-01-23,服装,1239.24,3.0,华南,个人客户,292.76
2024-01-23,服装,1248.28,41.0,华南,老客,292.62
2024-01-23,美妆,855.2,33.0,华北,企业客户,156.31
2024-01-23,服装,584.37,15.0,华南,企业客户,115.3
2024-01-23,电子产品,1757.66,49.0,西南,新客,357.27
2024-01-23,美妆,673.56,16.0,华北,个人客户,230.11
2024-01-23,电子产品,345.74,18.0,西南,老客,52.7
2024-01-23,电子产品,381.13,20.0,西南,个人客户,61.54
2024-01-23,食品,1467.08,12.0,华南,个人客户,342.9
2024-01-23,食品,1350.43,,东北,老客,388.77
2024-01-24,电子产品,1137.66,43.0,东北,老客,119.23
2024-01-24,美妆,596.17,48.0,华北,企业客户,69.57
2024-01-24,家居,454.67,39.0,华东,新客,59.85
2024-01-24,服装,513.39,44.0,西南,企业客户,169.01
2024-01-24,电子产品,660.25,26.0,西南,老客,67.67
2024-01-24,美妆,1513.28,12.0,华北,老客,442.1
2024-01-24,食品,1120.63,16.0,华北,新客,328.13
2024-01-24,家居,29.52,33.0,西南,新客,9.62
2024-01-24,服装,944.82,43.0,西南,企业客户,103.47
2024-01-24,食品,1875.52,27.0,西南,老客,622.72
2024-01-24,电子产品,1018.6,3.0,华南,企业客户,332.71
2024-01-24,家居,954.34,9.0,华东,个人客户,315.01
2024-01-24,美妆,1194.85,27.0,华北,企业客户,238.01
2024-01-24,家居,180.97,21.0,东北,个人客户,20.06
2024-01-24,家居,326.92,34.0,西南,新客,29.56
2024-01-24,美妆,1903.22,36.0,华东,老客,206.32
2024-01-25,家居,1347.07,15.0,东北,老客,158.91
2024-01-25,服装,1240.11,41.0,东北,企业客户,379.56
2024-01-25,家居,863.55,49.0,东北,老客,150.89
2024-01-25,服装,621.49,32.0,华南,个人客户,77.77
2024-01-25,美妆,1795.53,39.0,华东,个人客户,416.54
2024-01-25,电子产品,109.44,30.0,西南,新客,9.08
2024-01-25,家居,939.67,6.0,西南,新客,228.01
2024-01-25,家居,1522.7,39.0,华南,个人客户,136.23
2024-01-26,美妆,1927.79,42.0,华南,个人客户,281.65
2024-01-26,美妆,167.59,8.0,西南,个人客户,26.67
2024-01-26,服装,-1861.3,29.0,华东,企业客户,-393.43
2024-01-26,美妆,27.67,4.0,东北,个人客户,3.76
2024-01-26,电子产品,1784.66,25.0,西南,企业客户,589.52
2024-01-26,食品,1552.84,10.0,华南,老客,430.1
2024-01-26,电子产品,718.07,34.0,华东,新客,49.51
2024-01-26,家居,1300.83,41.0,华南,新客,76.98
2024-01-27,家居,1165.11,36.0,华南,个人客户,67.07
2024-01-27,电子产品,1177.29,26.0,华南,老客,331.21
2024-01-27,电子产品,820.69,32.0,西南,企业客户,69.54
2024-01-27,家居,1705.77,41.0,华北,新客,118.17
2024-01-27,家居,661.22,12.0,华南,个人客户,88.5
2024-01-27,服装,581.54,27.0,东北,新客,133.08
2024-01-27,家居,-447.05,35.0,华北,新客,-56.35
2024-01-27,家居,1136.92,50.0,华北,企业客户,308.62
2024-01-27,家居,1485.9,45.0,华南,企业客户,165.77
2024-01-27,食品,1285.05,7.0,东北,企业客户,281.82
2024-01-27,食品,1344.33,23.0,华南,个人客户,415.0
2024-01-28,美妆,1256.86,45.0,东北,个人客户,163.73
2024-01-28,美妆,1923.76,27.0,西南,新客,667.84
2024-01-28,食品,982.74,4.0,东北,老客,191.34
2024-01-28,家居,881.67,21.0,西南,新客,60.28
2024-01-28,电子产品,321.1,47.0,西南,企业客户,69.18
2024-01-28,家居,1115.03,46.0,华北,企业客户,225.26
2024-01-28,服装,869.11,38.0,华东,老客,75.38
2024-01-28,服装,647.67,29.0,华北,企业客户,104.86
2024-01-28,电子产品,1658.77,5.0,西南,个人客户,292.19
2024-01-28,服装,1095.85,46.0,华南,新客,88.03
2024-01-28,食品,984.39,50.0,西南,个人客户,323.45
2024-01-29,服装,1822.25,17.0,华北,个人客户,470.47
2024-01-29,服装,579.51,5.0,东北,企业客户,105.23
2024-01-29,服装,631.18,35.0,东北,个人客户,158.78
2024-01-29,美妆,1820.32,6.0,西南,企业客户,528.08
2024-01-29,服装,1605.71,20.0,东北,企业客户,350.27
2024-01-29,电子产品,610.5,47.0,东北,老客,48.05
2024-01-30,服装,58.09,20.0,东北,新客,18.42
2024-01-30,服装,1547.77,26.0,西南,新客,503.52
2024-01-30,美妆,1742.21,36.0,东北,新客,318.14
2024-01-30,服装,1937.69,36.0,华东,个人客户,598.07
2024-01-30,美妆,1825.45,6.0,西南,企业客户,161.96
2024-01-30,食品,116.17,29.0,东北,企业客户,14.59
2024-01-30,服装,543.7,9.0,西南,老客,118.07
2024-01-30,家居,1912.33,36.0,西南,企业客户,155.86
2024-01-30,家居,1119.49,6.0,西南,企业客户,218.85
2024-01-30,美妆,555.53,8.0,华北,老客,68.77
2024-01-31,食品,1442.36,44.0,西南,新客,407.65
2024-01-31,电子产品,1752.39,18.0,华南,企业客户,511.96
2024-01-31,电子产品,71.46,15.0,华北,企业客户,16.76
2024-01-31,食品,135.28,32.0,西南,企业客户,37.75
2024-01-31,服装,931.68,39.0,华东,新客,314.46
2024-01-31,食品,447.09,19.0,华东,新客,122.13
2024-01-31,美妆,1208.98,13.0,华东,新客,246.39
2024-01-31,食品,1675.63,4.0,东北,个人客户,260.54
2024-01-31,食品,1107.17,6.0,西南,企业客户,151.55
2024-01-31,美妆,-384.74,44.0,华南,老客,-80.46
2024-01-31,电子产品,689.64,44.0,西南,老客,227.18
2024-02-01,食品,1497.27,18.0,东北,企业客户,332.87
2024-02-01,家居,195.14,21.0,华南,新客,48.1
2024-02-01,食品,740.35,42.0,华东,个人客户,199.04
2024-02-01,美妆,766.22,14.0,华北,老客,223.92
2024-02-01,美妆,1470.7,46.0,东北,新客,458.52
2024-02-01,家居,1411.19,7.0,华北,新客,351.25
2024-02-01,服装,1485.93,40.0,东北,企业客户,108.22
2024-02-01,美妆,1827.73,16.0,西南,个人客户,347.46
2024-02-01,服装,699.74,30.0,西南,企业客户,106.3
2024-02-01,家居,1684.79,36.0,华东,新客,250.79
2024-02-02,食品,841.44,20.0,华北,新客,144.61
2024-02-02,电子产品,1072.85,1.0,西南,新客,258.7
2024-02-02,服装,1882.52,49.0,华南,企业客户,441.0
2024-02-02,食品,1726.15,22.0,西南,个人客户,233.45
2024-02-02,美妆,263.12,6.0,东北,新客,71.25
2024-02-02,服装,1840.56,16.0,华南,个人客户,214.51
2024-02-02,服装,1766.61,6.0,华南,新客,487.81
2024-02-02,家居,534.16,40.0,华东,新客,107.02
2024-02-03,食品,615.5,9.0,华东,个人客户,184.49
2024-02-03,家居,1428.56,2.0,华东,新客,177.85
2024-02-03,食品,1104.68,46.0,西南,企业客户,79.73
2024-02-03,美妆,723.63,47.0,华南,个人客户,116.37
2024-02-03,美妆,1434.47,18.0,西南,个人客户,356.08
2024-02-03,电子产品,1056.54,29.0,华南,企业客户,298.8
2024-02-03,电子产品,1424.88,11.0,华北,企业客户,148.68
2024-02-03,美妆,177.03,22.0,华南,企业客户,18.85
2024-02-03,家居,1485.05,43.0,东北,老客,442.76
2024-02-04,美妆,1779.48,13.0,东北,企业客户,578.78
2024-02-04,电子产品,1092.74,38.0,华东,老客,220.94
2024-02-04,电子产品,1259.47,24.0,华北,个人客户,195.88
2024-02-04,家居,478.41,47.0,华东,老客,124.3
2024-02-04,家居,1255.38,11.0,华南,企业客户,415.5
2024-02-04,电子产品,1604.98,40.0,华北,老客,292.5
2024-02-04,美妆,1134.76,30.0,西南,企业客户,128.69
2024-02-04,服装,1520.48,33.0,华北,新客,150.94
2024-02-04,电子产品,941.68,22.0,西南,老客,276.7
2024-02-05,电子产品,730.03,15.0,东北,企业客户,239.63
2024-02-05,食品,1778.1,48.0,西南,老客,347.21
2024-02-05,家居,489.87,18.0,华南,新客,60.53
2024-02-05,服装,470.32,10.0,东北,老客,128.86
2024-02-05,食品,1566.35,22.0,东北,新客,87.18
2024-02-05,食品,307.17,48.0,华东,新客,75.85
2024-02-05,服装,611.97,10.0,华南,个人客户,139.01
2024-02-05,电子产品,628.67,46.0,西南,新客,208.52
2024-02-05,服装,858.18,30.0,华北,企业客户,273.71
2024-02-05,美妆,1583.34,19.0,华南,新客,285.91
2024-02-06,电子产品,102.5,20.0,华北,个人客户,7.72
2024-02-06,食品,1051.96,9.0,华南,新客,267.8
2024-02-06,家居,-120.69,7.0,西南,企业客户,-35.76
2024-02-06,电子产品,-261.3,20.0,西南,个人客户,-38.27
2024-02-06,美妆,1346.87,33.0,华北,个人客户,67.57
2024-02-06,电子产品,1999.75,39.0,华南,企业客户,591.23
2024-02-06,美妆,1455.88,4.0,华北,老客,415.34
2024-02-06,电子产品,1086.62,6.0,西南,老客,121.98
2024-02-06,电子产品,1832.1,10.0,华东,新客,238.89
2024-02-06,服装,508.2,35.0,东北,企业客户,49.86
2024-02-06,电子产品,887.76,28.0,华南,新客,205.29
2024-02-06,家居,1198.76,11.0,华东,新客,259.74
2024-02-07,食品,1160.95,50.0,华南,企业客户,85.51
2024-02-07,食品,1460.54,48.0,东北,个人客户,285.27
2024-02-07,美妆,1867.38,10.0,华北,新客,165.91
2024-02-07,美妆,387.75,44.0,华南,企业客户,110.66
2024-02-07,食品,1033.03,27.0,东北,新客,136.6
2024-02-08,服装,146.06,43.0,华北,老客,42.86
2024-02-08,家居,657.62,2.0,东北,企业客户,52.79
2024-02-08,电子产品,1504.64,21.0,西南,个人客户,78.42
2024-02-08,家居,1846.78,24.0,华东,新客,442.9
2024-02-08,美妆,1281.56,50.0,华南,老客,269.65
2024-02-08,电子产品,865.46,44.0,华东,企业客户,99.94
2024-02-08,家居,363.81,41.0,华北,老客,31.15
2024-02-08,家居,1905.0,11.0,华东,新客,451.27
2024-02-09,家居,934.38,41.0,华南,老客,144.43
2024-02-09,美妆,462.26,45.0,华东,个人客户,87.52
2024-02-09,食品,80.11,34.0,东北,企业客户,6.27
2024-02-09,家居,1676.85,42.0,华南,老客,523.57
2024-02-09,美妆,911.61,48.0,华北,个人客户,172.25
2024-02-09,服装,1584.52,45.0,华北,新客,476.38
2024-02-09,服装,359.19,18.0,华南,企业客户,78.4
2024-02-09,美妆,507.18,30.0,华南,企业客户,53.66
2024-02-09,美妆,1631.2,11.0,西南,企业客户,189.64
2024-02-10,电子产品,845.03,41.0,华南,新客,111.14
2024-02-10,食品,28.75,45.0,华东,个人客户,3.87
2024-02-10,美妆,29.11,1.0,华北,老客,7.62
2024-02-10,食品,747.92,17.0,华东,个人客户,77.79
2024-02-10,服装,741.55,22.0,华东,新客,203.85
2024-02-10,电子产品,730.07,39.0,华南,老客,112.01
2024-02-10,食品,917.54,49.0,华南,老客,255.77
2024-02-10,服装,1837.36,34.0,华东,老客,144.36
2024-02-10,电子产品,1028.79,7.0,华东,个人客户,343.98
2024-02-10,电子产品,1332.22,44.0,华南,新客,337.53
2024-02-10,服装,-1638.09,5.0,华南,企业客户,-200.64
2024-02-10,家居,1644.33,37.0,华北,老客,463.56
2024-02-11,服装,1685.92,9.0,华东,企业客户,192.55
2024-02-11,服装,86.06,12.0,东北,个人客户,10.71
2024-02-11,家居,1020.39,2.0,华南,个人客户,251.09
2024-02-11,家居,208.79,8.0,华南,老客,46.91
2024-02-11,美妆,1754.18,49.0,东北,老客,202.8
2024-02-11,食品,1458.42,10.0,华东,老客,426.01
2024-02-12,家居,1497.13,16.0,华北,新客,506.3
2024-02-12,服装,701.75,14.0,华南,个人客户,179.52
2024-02-12,食品,104.08,47.0,华东,企业客户,28.56
2024-02-12,电子产品,1894.45,41.0,东北,企业客户,206.42
2024-02-12,美妆,1343.98,34.0,西南,老客,337.25
2024-02-12,服装,467.49,34.0,西南,新客,142.49
2024-02-12,家居,1258.62,6.0,华东,企业客户,331.25
2024-02-12,电子产品,1021.88,12.0,华东,企业客户,321.59
2024-02-12,食品,481.18,10.0,华北,新客,97.92
2024-02-13,服装,997.51,50.0,华北,个人客户,270.83
2024-02-13,电子产品,771.18,41.0,华东,老客,112.73
2024-02-13,食品,438.02,7.0,华南,老客,30.76
2024-02-13,家居,161.99,38.0,华南,企业客户,26.73
2024-02-13,美妆,1817.02,20.0,西南,新客,615.31
2024-02-13,服装,546.53,33.0,东北,老客,110.83
2024-02-13,电子产品,1686.12,17.0,华东,个人客户,272.99
2024-02-13,服装,1673.61,2.0,华南,老客,496.88
2024-02-13,食品,674.3,9.0,西南,老客,178.21
2024-02-13,美妆,1415.72,12.0,华南,企业客户,424.6
2024-02-13,食品,304.75,17.0,东北,新客,21.96
2024-02-14,服装,1760.11,48.0,东北,企业客户,507.05
2024-02-14,服装,228.46,42.0,华东,企业客户,34.42
2024-02-14,电子产品,1694.82,1.0,华南,老客,342.62
2024-02-14,食品,1343.44,47.0,华北,新客,278.61
2024-02-14,电子产品,788.74,35.0,华南,老客,168.89
2024-02-14,电子产品,427.49,36.0,华南,企业客户,59.99
2024-02-14,电子产品,973.56,46.0,西南,新客,185.57
2024-02-14,家居,564.31,9.0,华北,企业客户,135.8
2024-02-15,美妆,177.59,25.0,华东,个人客户,48.88
2024-02-15,电子产品,1900.07,2.0,东北,个人客户,345.83
2024-02-15,电子产品,297.2,13.0,华北,新客,96.39
2024-02-15,服装,463.82,8.0,华北,新客,117.09
2024-02-15,美妆,1575.57,12.0,华南,个人客户,352.2
2024-02-16,美妆,1684.59,31.0,华东,个人客户,94.45
2024-02-16,家居,548.22,19.0,东北,企业客户,148.17
2024-02-16,美妆,1414.83,26.0,华北,个人客户,457.69
2024-02-16,服装,188.69,5.0,东北,老客,11.58
2024-02-16,食品,431.64,25.0,华东,个人客户,47.44
2024-02-16,美妆,637.59,2.0,华东,企业客户,209.06
2024-02-16,服装,1782.34,49.0,东北,个人客户,522.9
2024-02-16,美妆,503.31,20.0,东北,老客,157.31
2024-02-16,食品,400.09,36.0,西南,企业客户,97.82
2024-02-16,服装,1115.68,29.0,华南,新客,195.78
2024-02-16,服装,728.68,24.0,华东,老客,107.54
2024-02-16,家居,614.24,14.0,华北,企业客户,82.48
2024-02-16,食品,534.4,49.0,华东,新客,130.74
2024-02-16,食品,1280.41,44.0,华北,老客,128.84
2024-02-16,家居,209.7,36.0,华南,新客,60.21
2024-02-16,美妆,710.98,4.0,华南,老客,135.58
2024-02-16,电子产品,1045.46,21.0,东北,企业客户,87.02
2024-02-16,食品,1582.79,40.0,华南,企业客户,424.36
2024-02-16,电子产品,1279.53,2.0,东北,企业客户,325.99
2024-02-16,电子产品,-402.76,21.0,华东,个人客户,-56.53
2024-02-16,美妆,1585.38,33.0,东北,新客,526.53
2024-02-17,电子产品,1953.07,46.0,华东,企业客户,567.42
2024-02-17,电子产品,602.82,33.0,华南,老客,147.47
2024-02-17,电子产品,600.45,50.0,西南,新客,123.22
2024-02-17,美妆,1334.06,22.0,西南,企业客户,395.3
2024-02-17,服装,1095.52,45.0,华东,个人客户,189.14
2024-02-17,电子产品,1365.41,29.0,东北,老客,111.34
2024-02-17,电子产品,1965.09,2.0,华南,老客,565.3
2024-02-17,服装,1373.32,44.0,东北,老客,182.23
2024-02-17,美妆,895.22,16.0,华东,个人客户,228.18
2024-02-17,电子产品,1074.71,50.0,华北,新客,371.49
2024-02-18,美妆,943.32,50.0,华南,企业客户,136.22
2024-02-18,电子产品,1910.84,11.0,华东,个人客户,315.8
2024-02-18,食品,1967.88,39.0,西南,个人客户,578.04
2024-02-18,美妆,65.53,9.0,东北,老客,10.68
2024-02-18,家居,1284.2,20.0,西南,企业客户,426.12
2024-02-18,美妆,595.04,11.0,东北,新客,98.1
2024-02-19,服装,641.77,5.0,西南,企业客户,162.84
2024-02-19,服装,636.32,19.0,华南,老客,85.72
2024-02-19,服装,275.5,35.0,西南,企业客户,78.43
2024-02-19,食品,1259.3,4.0,华北,个人客户,90.94
2024-02-19,食品,1192.53,37.0,西南,个人客户,367.1
2024-02-19,家居,1273.03,47.0,西南,企业客户,396.52
2024-02-19,服装,1462.1,13.0,西南,新客,474.48
2024-02-19,家居,1003.79,28.0,华东,个人客户,229.97
2024-02-20,服装,153.59,45.0,华南,新客,45.06
2024-02-20,家居,1282.52,11.0,华南,新客,301.06
2024-02-20,电子产品,329.25,36.0,华北,个人客户,72.23
2024-02-20,服装,948.51,29.0,华东,老客,129.43
2024-02-20,食品,1732.36,5.0,华东,个人客户,317.54
2024-02-20,美妆,684.01,23.0,华北,新客,119.85
2024-02-21,电子产品,1369.54,41.0,华东,企业客户,74.17
2024-02-21,服装,803.75,33.0,华南,企业客户,67.04
2024-02-21,美妆,853.2,23.0,东北,个人客户,256.09
2024-02-21,服装,176.62,31.0,华东,个人客户,40.84
2024-02-21,食品,862.79,12.0,华东,新客,270.2
2024-02-21,电子产品,291.53,26.0,西南,新客,20.92
2024-02-21,美妆,1395.76,32.0,华北,个人客户,129.72
2024-02-21,食品,1322.02,3.0,东北,个人客户,265.29
2024-02-21,家居,896.52,17.0,华东,老客,140.73
2024-02-22,家居,-1744.53,26.0,西南,老客,-384.87
2024-02-22,食品,686.3,2.0,华北,新客,225.81
2024-02-22,美妆,1656.44,4.0,华南,企业客户,85.72
2024-02-22,电子产品,1181.05,25.0,西南,企业客户,249.02
2024-02-22,服装,993.64,47.0,华南,新客,168.37
2024-02-22,电子产品,878.77,4.0,华南,企业客户,258.61
2024-02-22,食品,104.6,17.0,西南,个人客户,36.06
2024-02-22,电子产品,1071.35,22.0,华南,个人客户,128.7
2024-02-22,电子产品,1426.42,17.0,华东,个人客户,421.65
2024-02-23,食品,787.32,39.0,东北,新客,106.44
2024-02-23,家居,1966.99,42.0,华北,新客,507.58
2024-02-23,电子产品,1470.72,2.0,华东,企业客户,369.2
2024-02-23,美妆,1244.2,10.0,华东,企业客户,321.59
2024-02-23,美妆,236.09,1.0,华南,老客,51.07
2024-02-23,家居,1156.17,15.0,华南,新客,336.9
2024-02-23,美妆,383.93,49.0,华东,新客,92.63
2024-02-24,家居,799.86,40.0,华东,新客,120.58
2024-02-24,食品,377.77,24.0,东北,新客,64.5
2024-02-24,食品,1727.05,30.0,华北,企业客户,477.38
2024-02-24,家居,59.96,47.0,华南,企业客户,4.6
2024-02-24,家居,437.03,7.0,东北,个人客户,115.59
2024-02-24,美妆,441.3,16.0,东北,新客,56.4
2024-02-24,食品,1986.49,1.0,华南,企业客户,297.14
2024-02-24,电子产品,1765.96,48.0,华北,企业客户,228.74
2024-02-24,美妆,1444.99,25.0,华北,老客,273.98
2024-02-24,美妆,381.12,14.0,华南,个人客户,91.55
2024-02-24,食品,492.84,14.0,西南,企业客户,68.27
2024-02-24,食品,127.83,26.0,东北,新客,24.59
2024-02-25,服装,377.76,34.0,华南,个人客户,41.18
2024-02-25,美妆,243.93,9.0,西南,老客,59.5
2024-02-25,服装,489.65,26.0,华北,新客,155.04
2024-02-25,电子产品,299.27,3.0,西南,个人客户,104.68
2024-02-25,电子产品,1522.34,49.0,华东,个人客户,87.09
2024-02-25,电子产品,947.21,50.0,华东,新客,304.03
2024-02-25,服装,128.91,46.0,华北,老客,39.82
2024-02-25,电子产品,83.53,46.0,东北,老客,13.16
2024-02-25,食品,1559.38,19.0,华南,老客,453.0
2024-02-25,家居,1643.08,27.0,西南,企业客户,197.67
2024-02-25,服装,-1265.9,29.0,华北,企业客户,-434.43
2024-02-26,食品,1451.55,11.0,华北,老客,382.72
2024-02-26,家居,565.62,20.0,东北,个人客户,55.48
2024-02-26,电子产品,1985.29,29.0,东北,个人客户,649.38
2024-02-26,食品,421.52,37.0,西南,老客,67.3
2024-02-26,食品,714.78,11.0,华北,新客,229.82
2024-02-26,食品,1140.7,29.0,西南,企业客户,60.22
2024-02-26,食品,1465.16,27.0,华东,个人客户,450.19
2024-02-26,食品,1451.72,36.0,西南,新客,427.72
2024-02-26,美妆,107.57,41.0,东北,老客,13.86
2024-02-26,家居,1728.29,1.0,华北,老客,566.88
2024-02-26,服装,114.87,6.0,西南,老客,30.53
2024-02-27,家居,1995.69,4.0,华北,老客,498.09
2024-02-27,服装,1863.03,21.0,华东,老客,262.88
2024-02-27,家居,1335.56,8.0,华北,老客,87.17
2024-02-27,美妆,1635.59,48.0,西南,新客,344.83
2024-02-27,食品,1576.0,17.0,华东,个人客户,154.96
2024-02-27,美妆,163.92,48.0,西南,老客,36.96
2024-02-27,食品,1555.87,20.0,华南,新客,284.52
2024-02-28,家居,1561.6,20.0,华南,个人客户,81.77
2024-02-28,服装,673.55,34.0,华北,个人客户,118.5
2024-02-28,美妆,929.63,3.0,华南,个人客户,122.53
2024-02-28,食品,227.46,18.0,华东,个人客户,29.83
2024-02-28,家居,994.0,8.0,西南,个人客户,294.59
2024-02-28,美妆,1983.61,12.0,华东,个人客户,330.34
2024-02-28,食品,821.37,35.0,东北,企业客户,116.57
2024-02-28,美妆,613.73,39.0,华东,企业客户,94.08
2024-02-29,服装,-1665.57,17.0,华北,企业客户,-156.07
2024-02-29,美妆,1859.24,27.0,华北,老客,634.85
2024-02-29,食品,726.44,1.0,华南,新客,209.49
2024-02-29,美妆,1996.52,10.0,华北,老客,318.27
2024-02-29,家居,665.57,42.0,华北,新客,208.87
2024-02-29,家居,467.17,42.0,东北,新客,55.12
2024-02-29,电子产品,1332.24,5.0,东北,新客,388.42
2024-02-29,服装,140.21,5.0,华北,新客,25.68
2024-02-29,家居,178.85,27.0,华北,个人客户,55.1
2024-02-29,家居,138.12,20.0,华北,新客,14.42
2024-02-29,家居,1422.27,43.0,西南,新客,125.54
2024-02-29,家居,1754.77,2.0,华南,企业客户,587.83
2024-02-29,美妆,105.92,25.0,华北,个人客户,26.09
2024-02-29,服装,196.12,35.0,西南,老客,66.38
2024-03-01,电子产品,1158.51,26.0,西南,新客,344.92
2024-03-01,服装,1063.23,14.0,华北,企业客户,123.37
2024-03-01,电子产品,455.45,16.0,西南,个人客户,118.53
2024-03-01,家居,90.27,24.0,西南,企业客户,19.44
2024-03-01,电子产品,807.15,3.0,东北,个人客户,122.85
2024-03-01,食品,497.3,45.0,西南,老客,82.67
2024-03-01,家居,1067.63,7.0,东北,新客,76.28
2024-03-01,美妆,916.68,7.0,华东,企业客户,115.03
2024-03-02,家居,793.62,23.0,华北,企业客户,272.4
2024-03-02,家居,736.19,10.0,西南,新客,118.84
2024-03-02,电子产品,1699.68,6.0,华北,新客,239.34
2024-03-02,美妆,1833.53,32.0,东北,新客,183.24
2024-03-02,食品,664.45,19.0,华南,新客,44.57
2024-03-02,食品,282.79,16.0,华南,个人客户,50.37
2024-03-02,家居,1788.48,50.0,西南,个人客户,463.93
2024-03-02,食品,882.54,30.0,东北,新客,229.3
2024-03-02,美妆,1190.13,28.0,华北,新客,197.15
2024-03-02,食品,314.15,41.0,西南,个人客户,57.99
2024-03-02,服装,1929.67,48.0,东北,新客,191.43
2024-03-03,美妆,1476.61,21.0,华东,个人客户,269.32
2024-03-03,食品,851.31,22.0,华南,老客,94.82
2024-03-03,食品,1866.97,18.0,华南,新客,392.98
2024-03-03,美妆,586.1,18.0,华北,新客,172.92
2024-03-03,食品,483.48,18.0,东北,企业客户,27.44
2024-03-03,电子产品,1572.35,16.0,华东,新客,542.28
2024-03-04,美妆,1493.59,4.0,华东,新客,80.84
2024-03-04,美妆,1342.39,19.0,华南,企业客户,259.88
2024-03-04,电子产品,625.12,15.0,华东,个人客户,113.73
2024-03-04,电子产品,1980.32,15.0,西南,企业客户,322.85
2024-03-04,家居,1022.64,31.0,华东,企业客户,76.22
2024-03-04,美妆,23.47,42.0,华东,企业客户,4.73
2024-03-04,食品,835.38,4.0,华东,个人客户,166.65
2024-03-04,家居,1426.63,37.0,东北,新客,292.42
2024-03-04,电子产品,947.69,19.0,东北,企业客户,141.72
2024-03-04,电子产品,192.83,24.0,西南,企业客户,47.38
2024-03-04,美妆,86.53,16.0,华南,老客,13.43
2024-03-05,美妆,56.5,36.0,华南,老客,6.99
2024-03-05,美妆,170.29,22.0,西南,新客,57.45
2024-03-05,家居,769.85,23.0,西南,企业客户,172.68
2024-03-05,食品,1656.92,23.0,西南,老客,248.73
2024-03-05,服装,879.67,48.0,华北,个人客户,72.71
2024-03-05,美妆,1167.68,32.0,华北,新客,94.63
2024-03-06,美妆,783.01,9.0,东北,个人客户,268.81
2024-03-06,服装,1841.42,38.0,华北,个人客户,268.34
2024-03-06,电子产品,124.27,1.0,华东,企业客户,39.14
2024-03-06,服装,1465.39,13.0,华东,企业客户,443.89
2024-03-06,家居,80.33,45.0,华东,新客,19.39
2024-03-06,食品,1817.62,11.0,西南,个人客户,245.18
2024-03-06,家居,846.95,30.0,华东,新客,123.24
2024-03-06,食品,450.6,1.0,东北,企业客户,88.35
2024-03-06,美妆,1391.92,37.0,华南,企业客户,271.04
2024-03-06,食品,317.02,39.0,西南,个人客户,40.31
2024-03-06,家居,269.59,42.0,华南,个人客户,35.11
2024-03-06,服装,414.4,12.0,华南,个人客户,39.78
2024-03-07,美妆,1877.48,16.0,华东,企业客户,366.06
2024-03-07,食品,1855.9,11.0,华北,企业客户,128.1
2024-03-07,服装,975.69,2.0,华东,新客,156.07
2024-03-07,家居,248.11,6.0,华南,企业客户,23.79
2024-03-07,食品,1363.92,3.0,华南,新客,379.06
2024-03-07,家居,1537.55,41.0,东北,新客,527.93
2024-03-07,美妆,-1206.81,30.0,东北,个人客户,-314.73
2024-03-07,美妆,1374.07,21.0,西南,个人客户,445.86
2024-03-07,电子产品,1500.93,20.0,西南,个人客户,387.16
2024-03-07,家居,679.42,29.0,华北,企业客户,79.16
2024-03-07,美妆,1051.66,33.0,华南,新客,367.53
2024-03-08,食品,1738.86,22.0,东北,老客,160.53
2024-03-08,食品,961.6,9.0,华南,新客,223.57
2024-03-08,食品,785.82,44.0,华东,老客,39.74
2024-03-08,美妆,686.9,35.0,西南,新客,211.25
2024-03-08,服装,1189.24,13.0,西南,企业客户,130.89
2024-03-08,服装,1070.4,11.0,西南,个人客户,57.12
2024-03-08,服装,1458.57,33.0,东北,新客,449.62
2024-03-08,服装,1574.89,2.0,华东,企业客户,117.71
2024-03-08,服装,774.81,48.0,东北,新客,181.59
2024-03-08,服装,1858.57,6.0,东北,企业客户,187.59
2024-03-08,家居,120.13,24.0,华南,新客,7.07
2024-03-08,服装,66.7,25.0,东北,个人客户,5.07
2024-03-08,食品,177.37,16.0,西南,企业客户,54.27
2024-03-09,服装,1257.73,17.0,西南,新客,203.84
2024-03-09,电子产品,1429.88,4.0,西南,企业客户,486.5
2024-03-09,美妆,105.52,4.0,西南,新客,13.73
2024-03-09,美妆,345.92,33.0,华北,个人客户,77.21
2024-03-09,美妆,437.7,1.0,东北,新客,63.68
2024-03-10,食品,1999.55,25.0,华北,个人客户,667.43
2024-03-10,美妆,900.82,29.0,华东,企业客户,261.08
2024-03-10,食品,743.3,22.0,华东,个人客户,132.43
2024-03-10,美妆,1183.35,33.0,华东,老客,120.79
2024-03-10,食品,274.49,45.0,西南,个人客户,25.04
2024-03-11,服装,1321.3,34.0,东北,新客,106.37
2024-03-11,美妆,600.38,43.0,西南,老客,84.71
2024-03-11,家居,693.46,43.0,华北,老客,163.51
2024-03-11,电子产品,547.89,38.0,华东,新客,58.9
2024-03-11,家居,50.08,20.0,东北,老客,11.48
2024-03-11,服装,315.32,34.0,华南,新客,99.63
2024-03-11,美妆,1119.12,20.0,华东,企业客户,168.61
2024-03-11,电子产品,167.42,37.0,东北,个人客户,57.36
2024-03-11,服装,835.55,11.0,西南,老客,271.54
2024-03-12,美妆,1760.07,24.0,华北,新客,239.05
2024-03-12,服装,1187.72,30.0,华东,新客,137.88
2024-03-12,美妆,498.64,2.0,西南,老客,121.99
2024-03-12,服装,1246.49,41.0,华南,企业客户,338.52
2024-03-12,服装,42.11,38.0,西南,企业客户,12.65
2024-03-12,服装,1577.65,43.0,华北,老客,231.32
2024-03-13,服装,138.71,28.0,华南,新客,18.06
2024-03-13,食品,1471.67,17.0,西南,企业客户,252.48
2024-03-13,电子产品,1065.62,44.0,华东,企业客户,89.12
2024-03-13,家居,666.57,33.0,华北,新客,54.77
2024-03-13,电子产品,,30.0,华南,个人客户,181.89
2024-03-13,食品,1190.75,7.0,华东,个人客户,242.69
2024-03-13,美妆,664.18,18.0,东北,企业客户,51.96
2024-03-13,电子产品,253.59,50.0,华南,企业客户,39.83
2024-03-13,服装,372.28,10.0,华东,新客,28.66
2024-03-13,电子产品,847.33,20.0,东北,新客,147.63
2024-03-13,美妆,1740.92,12.0,华北,老客,478.83
2024-03-13,服装,1863.7,14.0,华北,个人客户,131.94
2024-03-13,美妆,1363.71,22.0,华北,企业客户,159.11
2024-03-13,电子产品,793.68,3.0,华南,企业客户,89.88
2024-03-14,美妆,164.94,27.0,华南,新客,15.77
2024-03-14,食品,992.48,30.0,华南,新客,160.14
2024-03-15,食品,845.4,38.0,华南,新客,255.21
2024-03-15,美妆,1230.28,43.0,东北,老客,80.63
2024-03-15,电子产品,-983.49,4.0,华北,新客,-107.33
2024-03-15,服装,878.8,16.0,华南,老客,105.96
2024-03-15,电子产品,1085.72,4.0,西南,新客,291.61
2024-03-15,服装,1827.12,46.0,华东,老客,113.28
2024-03-15,电子产品,893.47,1.0,西南,企业客户,296.63
2024-03-15,服装,1345.74,38.0,华北,新客,450.32
2024-03-15,食品,738.61,35.0,西南,新客,126.27
2024-03-15,美妆,1562.02,12.0,东北,新客,218.47
2024-03-16,美妆,101.47,26.0,华北,老客,16.42
2024-03-16,美妆,1644.4,11.0,西南,老客,338.94
2024-03-16,服装,284.91,29.0,西南,个人客户,25.09
2024-03-16,美妆,1580.38,4.0,华北,新客,474.5
2024-03-16,家居,915.83,49.0,东北,老客,70.83
2024-03-16,美妆,888.5,11.0,东北,个人客户,162.79
2024-03-16,服装,667.07,19.0,华北,新客,168.87
2024-03-16,美妆,1464.51,10.0,华南,老客,394.68
2024-03-17,家居,1031.74,44.0,华东,新客,145.83
2024-03-17,服装,1613.94,1.0,华南,新客,153.71
2024-03-17,家居,111.87,39.0,华东,老客,26.29
2024-03-17,电子产品,1070.2,13.0,华南,老客,275.48
2024-03-17,家居,76.14,7.0,华南,老客,7.53
2024-03-17,食品,1162.81,19.0,东北,企业客户,78.04
2024-03-17,服装,1780.67,32.0,华北,老客,569.94
2024-03-17,食品,894.03,11.0,西南,新客,106.28
2024-03-17,家居,781.21,31.0,华北,新客,109.64
2024-03-17,美妆,1425.33,5.0,西南,企业客户,160.91
2024-03-18,电子产品,275.83,31.0,华东,个人客户,43.22
2024-03-18,家居,1556.82,30.0,华东,企业客户,387.67
2024-03-18,电子产品,1090.62,13.0,华南,老客,143.26
2024-03-18,家居,1631.97,6.0,华南,企业客户,193.28
2024-03-18,美妆,550.53,41.0,西南,新客,86.58
2024-03-18,服装,1040.77,32.0,东北,企业客户,260.75
2024-03-18,电子产品,1705.47,3.0,东北,老客,364.93
2024-03-18,家居,1546.91,35.0,东北,老客,175.84
2024-03-18,家居,194.24,19.0,西南,企业客户,35.89
2024-03-18,服装,318.76,47.0,东北,企业客户,87.21
2024-03-18,电子产品,1821.07,20.0,华东,企业客户,614.73
2024-03-18,美妆,1350.91,16.0,华东,新客,223.12
2024-03-18,美妆,1664.81,36.0,东北,个人客户,433.19
2024-03-18,家居,1629.36,26.0,东北,个人客户,225.91
2024-03-18,美妆,912.0,15.0,华南,企业客户,151.07
2024-03-18,食品,1777.05,24.0,华东,新客,462.51
2024-03-19,服装,1383.09,8.0,华东,企业客户,482.24
2024-03-19,家居,1602.52,18.0,华东,新客,354.61
2024-03-19,食品,1881.05,16.0,华东,企业客户,519.4
2024-03-19,美妆,314.7,18.0,华北,新客,57.9
2024-03-19,食品,594.04,1.0,华北,老客,172.64
2024-03-19,家居,1562.38,16.0,华南,个人客户,221.24
2024-03-19,服装,1641.44,49.0,华南,老客,571.68
2024-03-20,食品,238.81,45.0,华北,老客,57.15
2024-03-20,服装,666.31,44.0,东北,个人客户,194.43
2024-03-20,家居,1220.4,17.0,西南,老客,282.64
2024-03-20,服装,1624.95,1.0,东北,企业客户,92.44
2024-03-20,电子产品,1481.45,6.0,华东,新客,495.84
2024-03-20,家居,1984.2,15.0,东北,个人客户,359.82
2024-03-20,美妆,959.97,21.0,西南,老客,79.22
2024-03-20,食品,530.85,12.0,西南,企业客户,77.26
2024-03-20,服装,662.3,10.0,华南,老客,226.67
2024-03-20,服装,1799.16,11.0,华东,个人客户,339.82
2024-03-20,家居,403.99,15.0,华北,新客,33.41
2024-03-21,家居,606.34,31.0,西南,老客,116.37
2024-03-21,食品,1334.05,33.0,华北,老客,371.11
2024-03-21,食品,749.55,18.0,华南,新客,233.97
2024-03-21,家居,1006.88,41.0,华东,新客,84.91
2024-03-21,服装,1995.11,22.0,华南,个人客户,490.28
2024-03-22,家居,418.51,45.0,西南,新客,38.73
2024-03-22,家居,835.7,3.0,华东,个人客户,78.91
2024-03-22,家居,1322.0,10.0,东北,新客,229.04
2024-03-22,食品,1900.43,8.0,华南,个人客户,434.39
2024-03-22,食品,1511.18,32.0,西南,个人客户,448.29
2024-03-22,食品,-935.24,26.0,东北,老客,-92.38
2024-03-22,美妆,794.5,3.0,西南,企业客户,131.8
2024-03-22,电子产品,1980.31,37.0,西南,个人客户,219.07
2024-03-22,家居,-900.38,41.0,华北,新客,-179.85
2024-03-22,家居,1092.84,33.0,华南,个人客户,317.85
2024-03-22,家居,1265.79,34.0,华东,新客,326.99
2024-03-23,电子产品,801.75,5.0,东北,企业客户,128.04
2024-03-23,家居,1580.01,13.0,华南,新客,546.71
2024-03-23,美妆,1854.97,23.0,西南,个人客户,388.42
2024-03-23,美妆,1738.82,49.0,华东,新客,542.24
2024-03-23,美妆,513.39,44.0,东北,老客,49.65
2024-03-23,服装,607.59,41.0,西南,企业客户,32.17
2024-03-23,家居,626.63,36.0,华南,企业客户,52.53
2024-03-23,家居,1888.7,36.0,华东,老客,465.62
2024-03-23,美妆,1151.82,42.0,东北,企业客户,233.83
2024-03-23,家居,1779.44,16.0,西南,个人客户,165.23
2024-03-23,家居,1456.64,45.0,东北,个人客户,228.79
2024-03-23,服装,1598.69,40.0,华北,新客,515.78
2024-03-23,食品,792.3,31.0,西南,个人客户,144.53
2024-03-23,美妆,1569.48,24.0,华南,个人客户,547.73
2024-03-24,食品,298.0,41.0,东北,企业客户,73.66
2024-03-24,美妆,946.92,31.0,东北,个人客户,96.57
2024-03-24,美妆,1890.0,39.0,华东,新客,188.34
2024-03-24,电子产品,668.64,8.0,西南,企业客户,101.12
2024-03-24,食品,1211.49,48.0,华南,老客,131.92
2024-03-24,电子产品,478.37,9.0,华东,企业客户,65.1
2024-03-24,食品,1360.95,11.0,东北,老客,333.8
2024-03-24,美妆,728.45,13.0,东北,新客,80.54
2024-03-24,食品,654.32,43.0,华东,企业客户,149.12
2024-03-24,服装,767.6,37.0,西南,新客,223.05
2024-03-24,食品,1069.58,44.0,东北,老客,178.91
2024-03-24,美妆,1011.86,7.0,华东,新客,127.76
2024-03-24,食品,57.93,48.0,东北,老客,14.41
2024-03-24,食品,1478.75,24.0,西南,个人客户,192.38
2024-03-25,食品,1085.07,7.0,华北,企业客户,247.29
2024-03-25,美妆,475.97,14.0,华北,企业客户,55.64
2024-03-25,食品,1695.68,26.0,西南,个人客户,455.02
2024-03-25,家居,1932.06,38.0,东北,企业客户,468.66
2024-03-25,食品,1982.83,22.0,华南,企业客户,139.8
2024-03-25,服装,1551.25,37.0,华北,企业客户,317.3
2024-03-25,美妆,47.42,9.0,西南,个人客户,3.19
2024-03-25,家居,-1296.63,20.0,华南,新客,-101.4
2024-03-25,家居,206.07,32.0,华南,企业客户,23.49
2024-03-25,家居,1244.98,49.0,华东,新客,305.63
2024-03-25,服装,1103.21,,华北,个人客户,173.18
2024-03-25,家居,626.24,12.0,西南,老客,31.6
2024-03-26,家居,1034.65,38.0,西南,企业客户,338.6
2024-03-26,电子产品,1941.11,50.0,东北,个人客户,446.23
2024-03-26,家居,166.71,29.0,华北,新客,29.11
2024-03-26,电子产品,441.83,10.0,东北,个人客户,48.46
2024-03-26,服装,254.26,29.0,华东,企业客户,67.92
2024-03-26,美妆,277.87,46.0,华北,企业客户,20.84
2024-03-27,食品,1171.73,15.0,西南,企业客户,140.05
2024-03-27,电子产品,483.09,41.0,华北,个人客户,72.27
2024-03-27,电子产品,147.38,43.0,东北,个人客户,48.53
2024-03-27,食品,430.25,2.0,西南,老客,47.36
2024-03-27,服装,161.6,31.0,华南,老客,13.42
2024-03-27,家居,1784.41,36.0,华东,企业客户,228.17
2024-03-27,服装,257.68,46.0,华东,新客,32.46
2024-03-27,食品,64.88,15.0,西南,企业客户,6.4
2024-03-27,服装,1444.9,32.0,华东,新客,157.65
2024-03-28,美妆,44.21,49.0,华北,新客,3.42
2024-03-28,食品,1700.19,17.0,华东,老客,418.11
2024-03-28,服装,1766.22,26.0,华北,企业客户,531.8
2024-03-28,美妆,853.79,41.0,华东,新客,177.13
2024-03-28,家居,984.6,3.0,华东,企业客户,103.07
2024-03-28,食品,866.99,25.0,华北,新客,216.51
2024-03-28,家居,1539.49,24.0,华南,个人客户,300.64
2024-03-28,家居,1460.04,33.0,西南,企业客户,434.66
2024-03-28,美妆,247.57,33.0,华北,新客,40.15
2024-03-28,电子产品,1326.11,1.0,华南,新客,70.45
2024-03-29,家居,1881.02,39.0,华东,个人客户,398.88
2024-03-29,家居,94.83,50.0,华北,老客,19.45
2024-03-29,服装,314.8,48.0,东北,个人客户,72.65
2024-03-29,电子产品,662.66,43.0,华北,企业客户,161.83
2024-03-29,家居,768.33,40.0,华东,老客,140.74
2024-03-29,电子产品,958.82,32.0,西南,老客,187.11
2024-03-30,电子产品,142.12,12.0,西南,老客,24.37
2024-03-30,美妆,1267.05,9.0,西南,新客,182.42
2024-03-30,美妆,1900.26,43.0,华东,新客,181.3
2024-03-30,家居,1916.97,29.0,华南,个人客户,628.61
2024-03-30,家居,1770.08,4.0,东北,老客,259.95
2024-03-30,电子产品,1051.89,7.0,西南,老客,290.39
2024-03-30,服装,741.98,7.0,华南,老客,80.88
2024-03-30,食品,1508.08,22.0,华北,新客,139.73
2024-03-30,电子产品,199.1,14.0,华北,企业客户,28.4
2024-03-31,家居,492.1,38.0,东北,新客,45.29
2024-03-31,美妆,225.96,9.0,华南,老客,42.24
2024-03-31,美妆,419.29,38.0,西南,个人客户,136.96
2024-03-31,电子产品,764.01,31.0,华北,企业客户,86.17
2024-03-31,家居,1477.27,39.0,华北,个人客户,453.21
2024-03-31,电子产品,1270.01,45.0,西南,企业客户,363.59
2024-03-31,食品,1079.24,3.0,西南,老客,288.3
2024-03-31,服装,891.47,31.0,东北,新客,246.57
2024-04-01,服装,620.31,41.0,华南,老客,46.83
2024-04-01,美妆,858.0,44.0,东北,个人客户,212.1
2024-04-01,家居,203.31,38.0,西南,老客,30.63
2024-04-01,服装,1066.8,34.0,东北,新客,116.55
2024-04-01,美妆,902.62,5.0,华东,新客,238.63
2024-04-01,食品,1554.94,33.0,西南,新客,240.37
2024-04-01,家居,1015.55,40.0,华东,企业客户,87.64
2024-04-01,美妆,106.14,23.0,华东,新客,22.78
2024-04-02,家居,275.53,16.0,华东,老客,84.71
2024-04-02,电子产品,30.76,,华北,老客,9.47
2024-04-02,服装,1240.1,26.0,西南,个人客户,327.48
2024-04-02,食品,1761.45,27.0,华北,新客,449.42
2024-04-02,家居,1412.88,31.0,华北,个人客户,286.62
2024-04-02,电子产品,1950.15,24.0,华东,企业客户,168.79
2024-04-02,家居,1356.75,5.0,西南,新客,218.77
2024-04-02,食品,1277.71,36.0,西南,新客,87.06
2024-04-02,美妆,819.04,20.0,华南,个人客户,231.98
2024-04-02,美妆,1532.14,44.0,华北,老客,276.74
2024-04-02,电子产品,1427.48,33.0,华南,企业客户,218.61
2024-04-02,电子产品,1095.48,49.0,东北,新客,376.35
2024-04-02,家居,765.7,36.0,华东,企业客户,182.14
2024-04-03,家居,1613.33,32.0,华南,个人客户,196.0
2024-04-03,食品,139.32,16.0,华南,企业客户,47.95
2024-04-03,食品,152.01,31.0,华东,新客,47.51
2024-04-03,服装,639.7,45.0,华南,企业客户,176.05
2024-04-03,服装,676.72,29.0,东北,新客,128.84
2024-04-03,电子产品,1651.67,36.0,东北,个人客户,500.22
2024-04-03,家居,1325.79,21.0,华东,个人客户,98.84
2024-04-04,电子产品,329.09,34.0,华北,企业客户,113.61
2024-04-04,电子产品,647.39,31.0,东北,个人客户,157.44
2024-04-04,美妆,1738.35,21.0,华南,企业客户,497.27
2024-04-04,美妆,1653.93,39.0,华南,新客,327.55
2024-04-04,电子产品,458.93,11.0,华南,新客,85.05
2024-04-04,食品,1585.38,46.0,华南,老客,471.36
2024-04-04,美妆,355.07,34.0,西南,企业客户,57.36
2024-04-04,电子产品,1055.64,16.0,华南,新客,293.72
2024-04-04,服装,1983.6,12.0,华东,新客,659.25
2024-04-04,服装,1782.73,35.0,华南,个人客户,136.52
2024-04-05,家居,1333.36,44.0,华东,新客,318.28
2024-04-05,美妆,162.84,47.0,华东,企业客户,15.94
2024-04-05,服装,638.15,3.0,西南,老客,44.02
2024-04-05,美妆,1239.28,21.0,西南,个人客户,219.9
2024-04-05,电子产品,275.85,11.0,西南,个人客户,59.25
2024-04-05,美妆,1513.55,47.0,东北,新客,164.38
2024-04-05,服装,1608.45,32.0,华东,企业客户,448.99
2024-04-05,家居,296.73,7.0,西南,企业客户,70.77
2024-04-05,美妆,-248.19,21.0,西南,老客,-48.57
2024-04-05,服装,655.71,44.0,华东,个人客户,73.48
2024-04-05,服装,176.12,34.0,华东,新客,10.87
2024-04-05,美妆,1336.71,23.0,华东,企业客户,101.89
2024-04-06,服装,1111.01,15.0,东北,老客,261.67
2024-04-06,服装,1261.7,2.0,华北,企业客户,162.38
2024-04-06,服装,1130.97,12.0,华东,企业客户,351.21
2024-04-06,美妆,1733.51,49.0,华东,老客,414.51
2024-04-06,美妆,821.73,26.0,华南,新客,81.15
2024-04-06,服装,922.75,15.0,华北,新客,252.33
2024-04-06,家居,275.82,6.0,华东,个人客户,89.9
2024-04-07,美妆,694.82,16.0,西南,老客,121.5
2024-04-07,服装,1466.81,40.0,华南,企业客户,322.91
2024-04-07,家居,1991.12,2.0,华南,老客,651.77
2024-04-07,电子产品,1630.14,30.0,华东,个人客户,516.28
2024-04-07,家居,46.35,27.0,华北,新客,3.84
2024-04-07,服装,492.43,1.0,西南,个人客户,118.27
2024-04-07,家居,1926.32,29.0,华东,企业客户,645.64
2024-04-07,电子产品,1826.8,31.0,华南,个人客户,336.7
2024-04-07,电子产品,184.35,1.0,西南,个人客户,16.4
2024-04-07,食品,977.68,44.0,华南,新客,88.43
2024-04-07,服装,1848.24,46.0,华东,新客,390.36
2024-04-07,家居,829.39,38.0,东北,个人客户,120.18
2024-04-08,食品,902.8,2.0,华南,企业客户,160.3
2024-04-08,食品,1841.69,12.0,华北,企业客户,477.89
2024-04-08,美妆,1793.93,41.0,华北,新客,90.76
2024-04-08,家居,1861.46,38.0,东北,个人客户,647.36
2024-04-08,美妆,272.13,21.0,东北,个人客户,59.2
2024-04-08,食品,848.81,48.0,华东,个人客户,153.65
2024-04-08,电子产品,372.86,21.0,华南,老客,32.51
2024-04-08,食品,28.72,47.0,华南,个人客户,5.58
2024-04-08,服装,958.54,44.0,东北,老客,321.36
2024-04-08,食品,916.46,49.0,东北,新客,126.21
2024-04-09,美妆,108.09,27.0,华南,新客,20.85
2024-04-09,电子产品,1800.19,16.0,东北,老客,454.45
2024-04-09,电子产品,518.84,13.0,华北,老客,146.48
2024-04-09,家居,1012.02,50.0,华东,新客,283.35
2024-04-09,食品,440.92,31.0,东北,个人客户,87.48
2024-04-09,家居,351.43,19.0,华东,老客,23.76
2024-04-09,家居,1505.28,12.0,西南,新客,114.44
2024-04-09,服装,1183.17,1.0,华北,企业客户,304.29
2024-04-09,食品,1186.57,28.0,华北,企业客户,159.23
2024-04-10,家居,1590.68,18.0,华东,个人客户,521.33
2024-04-10,美妆,999.26,42.0,华南,个人客户,118.25
2024-04-10,家居,457.56,38.0,西南,老客,65.54
2024-04-10,家居,755.5,24.0,东北,个人客户,119.43
2024-04-10,家居,1402.95,49.0,东北,老客,296.37
2024-04-10,服装,20.7,7.0,华南,老客,4.55
2024-04-10,食品,861.17,43.0,东北,新客,147.01
2024-04-11,家居,735.48,21.0,东北,企业客户,239.08
2024-04-11,家居,509.48,5.0,华北,个人客户,171.98
2024-04-11,美妆,326.01,6.0,华南,老客,84.31
2024-04-11,电子产品,1976.98,26.0,西南,个人客户,323.8
2024-04-11,家居,1385.25,47.0,华东,老客,211.53
2024-04-11,电子产品,1959.71,38.0,华南,个人客户,563.68
2024-04-11,电子产品,699.87,11.0,东北,老客,90.41
2024-04-11,食品,1883.7,19.0,东北,新客,254.79
2024-04-11,食品,645.74,3.0,西南,个人客户,144.58
2024-04-11,食品,495.44,43.0,华北,个人客户,95.1
2024-04-12,服装,1569.89,42.0,华东,企业客户,398.66
2024-04-12,家居,185.64,24.0,华东,个人客户,21.21
2024-04-12,电子产品,937.49,2.0,华北,新客,62.63
2024-04-12,服装,1063.61,26.0,西南,个人客户,105.68
2024-04-12,服装,184.33,42.0,西南,个人客户,24.92
2024-04-12,美妆,1551.38,49.0,华南,个人客户,201.92
2024-04-12,电子产品,1178.67,27.0,华北,老客,306.37
2024-04-12,电子产品,508.76,27.0,西南,企业客户,30.18
2024-04-13,电子产品,757.25,45.0,东北,个人客户,142.3
2024-04-13,食品,298.6,25.0,华北,企业客户,
2024-04-13,服装,136.97,46.0,华东,个人客户,41.97
2024-04-13,电子产品,68.1,30.0,西南,企业客户,8.43
2024-04-13,食品,1157.12,17.0,华南,企业客户,401.46
2024-04-13,美妆,1732.43,22.0,华南,个人客户,452.62
2024-04-13,电子产品,1437.4,25.0,华北,个人客户,416.18
2024-04-13,服装,953.07,22.0,西南,新客,330.55
2024-04-14,电子产品,1800.13,12.0,华南,个人客户,453.56
2024-04-14,美妆,84.43,42.0,西南,企业客户,19.7
2024-04-14,美妆,744.08,43.0,东北,新客,186.59
2024-04-14,电子产品,1415.35,17.0,东北,企业客户,72.69
2024-04-15,电子产品,571.87,13.0,华南,个人客户,144.29
2024-04-15,家居,-272.78,31.0,西南,老客,-37.56
2024-04-15,服装,1831.93,42.0,华东,企业客户,618.32
2024-04-15,服装,673.91,30.0,东北,新客,178.96
2024-04-15,食品,1429.34,11.0,华南,企业客户,403.62
2024-04-15,服装,1256.23,33.0,华东,新客,289.83
2024-04-15,电子产品,1046.87,23.0,西南,企业客户,221.27
2024-04-15,电子产品,162.63,47.0,华南,企业客户,47.55
2024-04-15,服装,1651.45,36.0,华南,新客,496.01
2024-04-15,服装,699.22,17.0,西南,老客,127.94
2024-04-15,食品,65.45,50.0,,个人客户,19.53
2024-04-15,家居,1429.38,41.0,华东,老客,223.03
2024-04-15,食品,70.99,47.0,东北,企业客户,15.04
2024-04-15,美妆,163.69,35.0,华北,个人客户,12.55
2024-04-15,食品,1795.8,15.0,西南,老客,239.34
2024-04-16,食品,718.68,47.0,华南,新客,72.52
2024-04-16,美妆,581.59,24.0,华南,新客,119.2
2024-04-16,食品,1386.24,5.0,华东,企业客户,217.78
2024-04-16,服装,894.64,16.0,西南,新客,160.35
2024-04-16,电子产品,775.81,28.0,东北,个人客户,76.68
2024-04-16,食品,1776.69,29.0,西南,企业客户,500.62
2024-04-16,食品,459.21,24.0,西南,个人客户,76.81
2024-04-16,家居,714.12,38.0,东北,老客,232.25
2024-04-16,服装,1071.41,21.0,华东,个人客户,333.14
2024-04-16,服装,1846.71,49.0,东北,老客,253.27
2024-04-16,服装,721.05,22.0,华北,新客,137.73
2024-04-16,家居,798.98,38.0,华南,老客,90.4
2024-04-16,电子产品,1202.31,16.0,华南,个人客户,79.01
2024-04-16,家居,1371.79,15.0,华南,企业客户,141.11
2024-04-17,电子产品,313.25,31.0,西南,老客,92.76
2024-04-17,家居,704.2,20.0,华东,企业客户,228.87
2024-04-17,家居,740.19,17.0,华北,企业客户,241.61
2024-04-17,家居,1425.35,12.0,华南,个人客户,249.51
2024-04-17,家居,1838.89,5.0,华东,老客,419.56
2024-04-17,食品,1087.94,11.0,华南,企业客户,376.5
2024-04-17,家居,471.12,24.0,华南,老客,28.38
2024-04-17,家居,319.45,27.0,华南,企业客户,38.89
2024-04-17,电子产品,804.79,19.0,东北,企业客户,89.79
2024-04-18,服装,1396.92,27.0,东北,个人客户,385.27
2024-04-18,家居,1701.91,4.0,西南,个人客户,567.31
2024-04-18,食品,1045.87,37.0,华东,企业客户,260.6
2024-04-18,食品,1293.53,11.0,西南,企业客户,383.96
2024-04-18,食品,1358.43,26.0,华南,老客,353.36
2024-04-18,家居,155.83,43.0,东北,老客,44.64
2024-04-18,服装,307.23,12.0,华北,企业客户,19.74
2024-04-19,家居,507.3,44.0,西南,个人客户,148.26
2024-04-19,美妆,1639.94,16.0,华北,企业客户,305.1
2024-04-19,服装,1091.32,5.0,西南,新客,322.37
2024-04-19,美妆,28.65,50.0,华南,企业客户,4.67
2024-04-19,家居,605.67,10.0,华北,个人客户,141.65
2024-04-19,美妆,1336.51,45.0,华东,新客,131.53
2024-04-19,家居,1627.69,36.0,东北,个人客户,432.76
2024-04-20,电子产品,740.92,9.0,西南,个人客户,173.19
2024-04-20,电子产品,187.97,35.0,华南,新客,61.28
2024-04-20,服装,1397.4,31.0,华北,企业客户,164.45
2024-04-20,电子产品,814.72,23.0,华东,个人客户,284.21
2024-04-20,服装,1088.38,3.0,华东,个人客户,206.16
2024-04-20,美妆,128.53,19.0,西南,新客,33.67
2024-04-20,电子产品,1760.88,36.0,西南,企业客户,288.07
2024-04-21,电子产品,242.02,20.0,东北,个人客户,40.28
2024-04-21,服装,1388.73,38.0,东北,个人客户,111.59
2024-04-21,食品,827.24,36.0,华南,新客,211.6
2024-04-21,服装,795.65,20.0,华北,个人客户,264.04
2024-04-21,食品,611.39,14.0,华北,老客,108.27
2024-04-21,食品,1335.26,10.0,华南,个人客户,103.87
2024-04-21,家居,928.4,15.0,华南,个人客户,175.12
2024-04-21,食品,1572.07,1.0,华北,企业客户,382.57
2024-04-21,美妆,1988.5,32.0,东北,老客,173.39
2024-04-21,家居,943.35,41.0,西南,企业客户,73.75
2024-04-21,服装,988.88,25.0,华东,新客,78.96
2024-04-21,食品,199.99,30.0,东北,企业客户,45.13
2024-04-21,电子产品,957.73,29.0,西南,老客,86.76
2024-04-21,服装,960.84,26.0,西南,个人客户,141.44
2024-04-22,美妆,828.41,19.0,西南,个人客户,42.15
2024-04-22,美妆,781.0,40.0,华北,企业客户,65.49
2024-04-22,食品,900.29,20.0,华南,新客,291.82
2024-04-22,服装,1637.71,47.0,华东,老客,562.28
2024-04-22,美妆,611.46,17.0,东北,企业客户,71.41
2024-04-22,美妆,1426.9,40.0,西南,老客,471.53
2024-04-22,服装,462.57,37.0,东北,老客,25.69
2024-04-22,电子产品,27.13,35.0,西南,个人客户,6.54
2024-04-22,服装,232.5,47.0,华北,新客,61.68
2024-04-22,服装,1744.7,7.0,东北,新客,358.41
2024-04-23,电子产品,1238.44,19.0,东北,新客,177.12
2024-04-23,服装,-1846.98,50.0,华东,企业客户,-344.63
2024-04-23,食品,1289.0,9.0,华南,个人客户,193.44
2024-04-23,电子产品,814.74,29.0,西南,个人客户,94.09
2024-04-23,电子产品,489.81,28.0,东北,个人客户,84.43
2024-04-23,美妆,1679.69,29.0,东北,新客,351.21
2024-04-23,服装,833.16,26.0,华东,企业客户,252.33
2024-04-23,服装,711.03,11.0,华南,,234.51
2024-04-23,家居,1526.92,26.0,东北,新客,520.63
2024-04-23,家居,1812.24,32.0,东北,企业客户,629.36
2024-04-23,电子产品,1172.58,39.0,华东,企业客户,379.75
2024-04-24,食品,1125.89,24.0,华东,新客,325.19
2024-04-24,服装,1122.8,34.0,华北,个人客户,297.9
2024-04-24,美妆,251.51,10.0,华北,老客,24.09
2024-04-24,美妆,755.16,18.0,华北,个人客户,240.81
2024-04-24,电子产品,373.95,40.0,西南,老客,45.09
2024-04-24,服装,1880.27,33.0,西南,新客,611.61
2024-04-24,服装,1949.73,11.0,华南,个人客户,561.73
2024-04-24,电子产品,1319.63,49.0,华北,新客,139.08
2024-04-24,美妆,744.87,50.0,华东,新客,131.26
2024-04-24,服装,112.13,4.0,华南,老客,8.16
2024-04-24,家居,339.41,30.0,东北,新客,46.45
2024-04-25,食品,1188.92,34.0,西南,老客,204.71
2024-04-25,食品,1777.64,3.0,华北,老客,394.59
2024-04-25,美妆,1699.8,39.0,华北,新客,247.08
2024-04-25,美妆,1754.8,44.0,东北,老客,221.74
2024-04-25,电子产品,149.8,23.0,华东,企业客户,39.12
2024-04-25,美妆,1359.42,15.0,华东,老客,220.67
2024-04-25,服装,728.54,35.0,华东,老客,183.03
2024-04-25,电子产品,1563.49,9.0,华南,个人客户,495.04
2024-04-25,服装,546.99,23.0,华北,企业客户,128.62
2024-04-26,电子产品,1622.35,3.0,东北,新客,527.88
2024-04-26,美妆,1752.76,3.0,华南,企业客户,400.78
2024-04-26,电子产品,651.78,50.0,华北,老客,79.86
2024-04-26,食品,1162.38,23.0,西南,新客,119.29
2024-04-26,家居,951.03,48.0,华南,新客,150.52
2024-04-26,美妆,1660.6,45.0,华南,企业客户,417.61
2024-04-27,家居,1591.62,27.0,西南,新客,222.79
2024-04-27,家居,280.83,41.0,华北,企业客户,31.34
2024-04-27,食品,718.19,26.0,东北,,175.57
2024-04-27,电子产品,1122.25,45.0,东北,新客,107.66
2024-04-27,美妆,1071.22,16.0,西南,企业客户,261.74
2024-04-27,服装,297.43,46.0,华东,企业客户,27.35
2024-04-27,服装,224.41,34.0,华北,企业客户,31.59
2024-04-27,家居,199.78,46.0,华南,老客,31.68
2024-04-27,食品,157.03,42.0,华南,个人客户,18.58
2024-04-27,电子产品,740.62,33.0,东北,个人客户,256.75
2024-04-28,家居,1935.14,7.0,西南,个人客户,317.4
2024-04-28,电子产品,970.67,5.0,东北,个人客户,213.61
2024-04-28,服装,1425.55,24.0,华北,个人客户,266.48
2024-04-28,食品,1973.63,9.0,华北,企业客户,670.17
2024-04-28,服装,1767.86,18.0,华南,企业客户,282.81
2024-04-28,美妆,885.16,29.0,华东,企业客户,169.22
2024-04-28,家居,222.62,15.0,西南,新客,13.83
2024-04-28,服装,1484.74,16.0,华南,企业客户,474.1
2024-04-28,家居,810.06,45.0,华南,新客,153.09
2024-04-28,美妆,1020.77,28.0,华北,个人客户,56.24
2024-04-28,家居,1575.06,39.0,东北,新客,237.49
2024-04-28,电子产品,1012.52,40.0,华北,老客,114.33
2024-04-28,食品,657.33,37.0,华东,企业客户,78.82
2024-04-29,家居,1803.86,43.0,,老客,525.13
2024-04-29,美妆,618.45,15.0,西南,新客,199.69
2024-04-29,食品,233.74,37.0,东北,个人客户,17.59
2024-04-29,电子产品,739.87,48.0,华北,,159.96
2024-04-29,家居,,24.0,华北,老客,134.6
2024-04-29,电子产品,1617.07,42.0,华东,新客,150.68
2024-04-29,家居,1905.96,32.0,华南,个人客户,187.62
2024-04-30,食品,1769.46,9.0,华南,个人客户,567.2
2024-04-30,食品,877.77,20.0,华南,老客,196.95
2024-04-30,服装,-1444.32,29.0,华南,企业客户,-230.75
2024-04-30,食品,208.16,28.0,华北,新客,54.42
2024-04-30,家居,1370.35,15.0,西南,老客,406.82
2024-04-30,家居,1999.17,18.0,华南,新客,119.01
2024-04-30,食品,550.33,7.0,东北,老客,153.3
2024-04-30,电子产品,898.34,32.0,东北,企业客户,91.04
2024-04-30,服装,1910.28,9.0,华东,企业客户,338.55
2024-04-30,食品,1645.29,3.0,华南,新客,293.77
2024-04-30,美妆,684.39,47.0,华南,老客,119.41
2024-04-30,家居,103.8,16.0,华南,个人客户,10.5
2024-04-30,服装,1235.94,48.0,华南,个人客户,180.37
2024-04-30,食品,1755.96,17.0,华南,老客,154.38
2024-04-30,家居,503.07,30.0,华北,新客,137.01
2024-05-01,家居,1620.44,20.0,华东,个人客户,536.39
2024-05-01,服装,608.76,27.0,华北,老客,160.53
2024-05-01,美妆,516.22,40.0,华北,新客,119.83
2024-05-01,美妆,552.33,13.0,东北,个人客户,190.68
2024-05-01,家居,833.39,3.0,西南,企业客户,157.69
2024-05-01,电子产品,696.63,19.0,华北,新客,162.7
2024-05-01,美妆,1709.88,22.0,东北,老客,205.75
2024-05-01,食品,1764.47,1.0,华北,新客,598.43
2024-05-01,家居,451.91,34.0,华南,老客,71.29
2024-05-01,电子产品,1620.01,13.0,西南,企业客户,497.9
2024-05-02,服装,355.53,20.0,华东,个人客户,33.82
2024-05-02,服装,1962.2,45.0,华北,个人客户,246.73
2024-05-02,服装,427.39,6.0,东北,老客,34.17
2024-05-02,电子产品,1582.96,18.0,华东,老客,123.24
2024-05-02,家居,1668.49,34.0,东北,新客,500.92
2024-05-02,服装,1760.02,49.0,西南,新客,484.31
2024-05-03,食品,1545.52,26.0,西南,老客,148.89
2024-05-03,美妆,1501.49,42.0,华北,企业客户,99.71
2024-05-03,美妆,964.56,48.0,西南,个人客户,227.99
2024-05-03,服装,800.85,42.0,华南,企业客户,89.98
2024-05-03,美妆,1707.89,16.0,华北,新客,338.71
2024-05-03,电子产品,1957.67,41.0,华南,老客,588.45
2024-05-03,美妆,405.85,30.0,华东,个人客户,46.97
2024-05-03,美妆,628.13,22.0,西南,老客,91.93
2024-05-03,家居,665.0,7.0,华东,新客,157.86
2024-05-03,电子产品,1834.09,41.0,华南,企业客户,232.15
2024-05-03,美妆,1789.04,16.0,西南,老客,237.73
2024-05-03,家居,379.2,16.0,西南,个人客户,29.65
2024-05-04,服装,656.97,6.0,东北,企业客户,133.21
2024-05-04,服装,1913.17,28.0,华东,老客,166.64
2024-05-04,食品,366.96,35.0,华东,个人客户,87.31
2024-05-04,美妆,984.14,8.0,华南,老客,284.16
2024-05-04,家居,81.62,11.0,华北,新客,12.53
2024-05-04,食品,1825.21,31.0,华南,企业客户,380.54
2024-05-04,家居,1514.28,40.0,华北,企业客户,325.05
2024-05-04,家居,1360.12,13.0,华北,企业客户,124.1
2024-05-04,食品,514.47,44.0,东北,老客,58.45
2024-05-04,服装,416.85,20.0,东北,企业客户,105.59
2024-05-05,电子产品,924.76,48.0,东北,企业客户,229.15
2024-05-05,服装,447.48,1.0,东北,个人客户,106.16
2024-05-05,服装,1518.76,28.0,华东,老客,489.29
2024-05-05,食品,395.12,5.0,华东,个人客户,56.83
2024-05-05,服装,800.81,49.0,华北,老客,179.19
2024-05-05,食品,477.35,48.0,东北,企业客户,70.95
2024-05-05,家居,1117.74,31.0,华东,新客,150.22
2024-05-06,电子产品,1808.94,4.0,东北,企业客户,310.77
2024-05-06,家居,180.9,49.0,华北,个人客户,51.91
2024-05-06,家居,153.7,44.0,东北,个人客户,26.75
2024-05-06,食品,924.71,28.0,西南,个人客户,57.23
2024-05-06,电子产品,1492.99,18.0,华南,企业客户,213.54
2024-05-06,食品,443.53,19.0,东北,新客,149.76
2024-05-06,家居,903.24,47.0,西南,新客,75.15
2024-05-06,家居,1313.0,15.0,华南,新客,335.82
2024-05-06,美妆,70.77,9.0,华东,个人客户,24.08
2024-05-06,食品,171.94,50.0,华东,个人客户,12.59
2024-05-06,电子产品,853.71,9.0,华北,老客,203.6
2024-05-07,家居,71.25,11.0,东北,新客,9.95
2024-05-07,家居,1107.32,1.0,东北,老客,325.81
2024-05-07,家居,1826.46,30.0,华南,新客,524.09
2024-05-07,家居,524.32,43.0,东北,新客,173.39
2024-05-07,食品,866.63,30.0,东北,老客,137.34
2024-05-07,电子产品,1293.13,7.0,东北,老客,427.4
2024-05-07,服装,-1319.79,33.0,东北,老客,-366.25
2024-05-07,美妆,1572.47,39.0,华南,老客,542.18
2024-05-07,美妆,614.05,20.0,华南,老客,136.71
2024-05-07,美妆,1142.71,33.0,华南,个人客户,198.07
2024-05-07,美妆,909.39,18.0,华南,老客,281.18
2024-05-07,食品,1858.78,26.0,东北,新客,285.1
2024-05-07,家居,844.67,48.0,华东,新客,231.62
2024-05-07,服装,850.87,31.0,西南,老客,134.88
2024-05-07,食品,916.91,49.0,西南,老客,84.24
2024-05-07,食品,1019.71,48.0,华东,个人客户,201.07
2024-05-07,美妆,1991.35,38.0,华东,个人客户,510.57
2024-05-08,电子产品,520.93,43.0,西南,老客,71.67
2024-05-08,食品,1281.48,3.0,华南,新客,355.13
2024-05-08,服装,1965.17,30.0,华南,企业客户,303.71
2024-05-08,服装,893.05,16.0,华南,老客,274.26
2024-05-08,家居,1663.38,33.0,华东,个人客户,296.92
2024-05-08,家居,411.57,3.0,华南,企业客户,77.24
2024-05-08,美妆,1781.64,18.0,华南,个人客户,400.98
2024-05-08,家居,1322.74,12.0,华南,新客,83.88
2024-05-08,电子产品,838.42,18.0,东北,老客,136.05
2024-05-08,电子产品,320.06,18.0,西南,企业客户,43.95
2024-05-08,电子产品,1434.92,41.0,东北,企业客户,269.76
2024-05-08,美妆,726.53,34.0,东北,个人客户,252.58
2024-05-09,电子产品,1347.64,15.0,华南,老客,396.52
2024-05-09,服装,1895.48,23.0,东北,企业客户,244.72
2024-05-09,家居,190.18,5.0,华南,企业客户,40.95
2024-05-09,服装,1572.2,1.0,华北,老客,375.92
2024-05-09,家居,422.99,8.0,华北,个人客户,61.39
2024-05-09,食品,909.91,25.0,华南,个人客户,65.86
2024-05-09,家居,613.56,33.0,西南,新客,144.75
2024-05-09,服装,898.26,20.0,西南,企业客户,127.52
2024-05-09,电子产品,1364.09,25.0,华北,企业客户,438.88
2024-05-10,电子产品,1781.54,5.0,华东,企业客户,357.63
2024-05-10,服装,941.03,25.0,东北,企业客户,237.8
2024-05-10,食品,1097.2,26.0,华东,新客,213.7
2024-05-10,服装,411.94,38.0,华北,老客,94.67
2024-05-10,食品,1782.41,32.0,华北,老客,174.29
2024-05-10,家居,1889.37,6.0,华东,老客,175.02
2024-05-10,美妆,1475.13,43.0,东北,新客,298.97
2024-05-10,服装,963.33,36.0,东北,新客,123.17
2024-05-11,服装,1962.49,28.0,西南,新客,655.16
2024-05-11,服装,253.96,43.0,华东,新客,83.3
2024-05-11,电子产品,1589.24,40.0,西南,老客,137.95
2024-05-11,电子产品,642.84,23.0,东北,老客,164.0
2024-05-11,食品,667.54,25.0,西南,新客,102.44
2024-05-11,服装,793.24,33.0,华北,老客,48.38
2024-05-11,电子产品,829.88,24.0,东北,新客,205.27
2024-05-11,服装,1981.33,40.0,华北,新客,201.78
2024-05-11,食品,854.13,21.0,华东,新客,47.7
2024-05-11,家居,1015.31,9.0,西南,个人客户,336.73
2024-05-11,食品,1860.14,14.0,华北,个人客户,478.6
2024-05-11,服装,1109.18,27.0,华北,新客,112.95
2024-05-11,食品,1888.86,14.0,华南,老客,188.39
2024-05-11,食品,688.4,8.0,华北,新客,151.73
2024-05-11,服装,209.42,9.0,华东,企业客户,28.34
2024-05-12,服装,1192.1,33.0,华南,个人客户,85.82
2024-05-12,服装,1724.79,20.0,华南,新客,329.55
2024-05-12,电子产品,903.35,43.0,华南,个人客户,101.65
2024-05-12,家居,683.73,6.0,华东,老客,220.89
2024-05-12,家居,1459.69,25.0,西南,新客,90.81
2024-05-12,美妆,1546.85,38.0,华南,企业客户,115.44
2024-05-12,电子产品,1237.78,28.0,华南,新客,239.1
2024-05-12,服装,671.96,20.0,华南,企业客户,76.21
2024-05-13,家居,539.42,32.0,华南,新客,176.95
2024-05-13,电子产品,144.1,16.0,华南,新客,9.22
2024-05-13,美妆,712.68,21.0,西南,企业客户,106.75
2024-05-13,美妆,1554.73,23.0,西南,老客,319.72
2024-05-13,服装,1475.59,31.0,东北,老客,310.34
2024-05-13,家居,1311.01,12.0,东北,新客,141.82
2024-05-13,电子产品,1439.17,34.0,华南,企业客户,276.51
2024-05-13,食品,1611.28,14.0,华北,个人客户,242.38
2024-05-13,家居,165.37,9.0,华北,新客,50.52
2024-05-14,美妆,1052.66,21.0,华南,企业客户,78.87
2024-05-14,食品,1064.99,8.0,西南,企业客户,315.17
2024-05-14,食品,1453.45,20.0,西南,企业客户,252.89
2024-05-14,电子产品,990.03,49.0,西南,企业客户,109.05
2024-05-14,食品,354.88,16.0,华南,个人客户,105.25
2024-05-14,服装,1720.6,9.0,西南,新客,404.96
2024-05-14,电子产品,743.4,49.0,东北,企业客户,244.03
2024-05-14,食品,1152.08,30.0,华北,老客,293.81
2024-05-15,服装,1248.16,7.0,华南,新客,191.44
2024-05-15,美妆,-1354.59,37.0,东北,企业客户,-110.41
2024-05-15,服装,608.72,26.0,华北,个人客户,75.97
2024-05-15,家居,1054.47,31.0,华北,企业客户,344.49
2024-05-15,电子产品,1660.17,14.0,华东,企业客户,311.62
2024-05-15,家居,1265.71,13.0,华南,老客,436.06
2024-05-15,美妆,1386.35,31.0,东北,新客,406.05
2024-05-15,电子产品,1110.13,8.0,华东,新客,328.24
2024-05-15,电子产品,686.4,34.0,华南,个人客户,181.97
2024-05-16,美妆,718.66,6.0,西南,企业客户,231.7
2024-05-16,电子产品,1769.94,47.0,西南,个人客户,382.17
2024-05-16,美妆,347.34,2.0,东北,企业客户,31.61
2024-05-16,食品,1130.07,5.0,东北,老客,353.84
2024-05-16,服装,1025.35,45.0,东北,新客,335.12
2024-05-16,家居,150.58,7.0,华南,个人客户,16.71
2024-05-16,服装,873.83,25.0,东北,,159.82
2024-05-16,家居,1733.53,39.0,东北,企业客户,508.52
2024-05-17,食品,1875.42,42.0,华东,个人客户,370.19
2024-05-17,电子产品,739.95,5.0,华南,老客,69.97
2024-05-17,服装,536.91,22.0,华北,企业客户,109.0
2024-05-17,家居,823.96,26.0,东北,个人客户,143.79
2024-05-17,食品,-1784.71,32.0,华南,老客,-100.89
2024-05-17,服装,846.22,41.0,华南,个人客户,209.29
2024-05-18,电子产品,559.89,50.0,华南,新客,195.43
2024-05-18,家居,565.86,50.0,华南,个人客户,38.57
2024-05-18,食品,1237.01,10.0,华南,企业客户,311.68
2024-05-18,电子产品,961.96,41.0,华北,新客,166.52
2024-05-18,美妆,259.14,35.0,西南,新客,69.17
2024-05-18,家居,514.39,34.0,华南,企业客户,144.52
2024-05-18,电子产品,1861.54,29.0,华北,个人客户,253.13
2024-05-18,服装,1380.15,40.0,华北,个人客户,347.66
2024-05-18,美妆,1481.66,8.0,东北,新客,447.27
2024-05-18,美妆,-38.64,2.0,华南,老客,-2.23
2024-05-19,服装,1460.35,28.0,华南,个人客户,
2024-05-19,电子产品,1933.59,30.0,华北,个人客户,505.66
2024-05-19,服装,683.37,2.0,西南,老客,112.1
2024-05-19,服装,1234.03,47.0,东北,个人客户,401.23
2024-05-19,食品,201.48,31.0,华北,企业客户,48.69
2024-05-19,美妆,1920.87,31.0,华东,个人客户,311.2
2024-05-19,电子产品,1312.73,22.0,西南,企业客户,111.59
2024-05-19,食品,1040.17,14.0,华东,企业客户,158.54
2024-05-19,服装,433.55,12.0,华南,老客,40.26
2024-05-19,服装,917.82,39.0,华南,新客,237.62
2024-05-20,美妆,1526.03,31.0,西南,个人客户,447.13
2024-05-20,家居,1560.61,20.0,东北,个人客户,277.35
2024-05-20,服装,1015.16,49.0,西南,新客,269.79
2024-05-20,食品,420.72,28.0,东北,新客,125.46
2024-05-20,家居,1567.63,38.0,西南,老客,464.01
2024-05-20,家居,855.27,22.0,华东,个人客户,110.1
2024-05-20,电子产品,62.37,34.0,华南,老客,21.58
2024-05-20,服装,1883.61,39.0,西南,老客,563.86
2024-05-21,服装,785.28,29.0,华南,新客,217.24
2024-05-21,电子产品,1310.61,33.0,华东,老客,392.28
2024-05-21,家居,1060.33,10.0,华南,个人客户,221.47
2024-05-21,家居,1745.12,43.0,华东,老客,524.06
2024-05-21,服装,219.53,39.0,华北,新客,29.03
2024-05-21,食品,737.76,9.0,华东,新客,175.97
2024-05-21,食品,495.44,6.0,东北,新客,114.85
2024-05-21,美妆,498.7,33.0,西南,个人客户,107.76
2024-05-21,电子产品,1677.69,17.0,东北,老客,111.95
2024-05-21,食品,1839.84,17.0,东北,个人客户,181.72
2024-05-21,美妆,355.31,31.0,华东,老客,21.62
2024-05-22,美妆,164.44,10.0,华北,新客,32.3
2024-05-22,电子产品,503.02,24.0,华南,新客,121.16
2024-05-22,服装,593.43,35.0,华东,新客,129.41
2024-05-22,食品,795.63,37.0,西南,新客,103.96
2024-05-22,电子产品,573.77,37.0,华北,个人客户,86.82
2024-05-22,美妆,757.47,41.0,华南,个人客户,139.16
2024-05-22,电子产品,775.51,6.0,西南,企业客户,44.08
2024-05-22,家居,1396.6,29.0,华东,个人客户,123.99
2024-05-23,美妆,1848.58,11.0,东北,老客,275.18
2024-05-23,美妆,67.66,30.0,华南,企业客户,17.76
2024-05-23,食品,458.05,40.0,东北,新客,75.82
2024-05-23,食品,1257.27,41.0,华东,个人客户,163.56
2024-05-23,服装,325.36,27.0,西南,老客,59.23
2024-05-23,家居,1507.52,25.0,华北,企业客户,179.13
2024-05-23,食品,490.91,34.0,华南,新客,26.36
2024-05-23,电子产品,398.79,50.0,华东,老客,87.14
2024-05-23,电子产品,158.7,12.0,华东,个人客户,8.12
2024-05-23,家居,700.07,11.0,东北,个人客户,165.38
2024-05-23,服装,208.6,50.0,西南,企业客户,33.14
2024-05-23,电子产品,1053.81,27.0,西南,企业客户,120.33
2024-05-23,电子产品,835.21,18.0,西南,新客,221.49
2024-05-24,家居,1641.74,18.0,华南,新客,281.63
2024-05-24,家居,1706.29,11.0,华东,老客,306.92
2024-05-24,家居,1143.68,6.0,东北,新客,234.49
2024-05-24,食品,1328.98,42.0,华东,老客,286.49
2024-05-24,美妆,462.01,4.0,东北,老客,29.97
2024-05-24,家居,134.55,30.0,东北,老客,46.58
2024-05-24,食品,1983.11,7.0,华东,个人客户,510.45
2024-05-24,家居,1047.7,42.0,东北,老客,294.04
2024-05-24,美妆,1248.83,37.0,华东,个人客户,240.7
2024-05-24,家居,1418.02,45.0,华北,新客,127.01
2024-05-24,服装,636.09,31.0,华北,个人客户,103.12
2024-05-24,食品,1143.02,50.0,华北,老客,90.45
2024-05-24,服装,652.06,49.0,华北,企业客户,114.25
2024-05-25,美妆,1613.26,46.0,华南,企业客户,95.74
2024-05-25,家居,866.62,17.0,西南,企业客户,103.56
2024-05-25,家居,1818.8,31.0,华南,企业客户,357.93
2024-05-25,美妆,965.99,11.0,西南,老客,139.2
2024-05-25,美妆,237.4,12.0,华东,个人客户,64.78
2024-05-25,食品,965.19,49.0,华南,新客,130.08
2024-05-25,电子产品,390.7,15.0,华北,企业客户,56.71
2024-05-25,电子产品,503.86,47.0,华南,个人客户,148.09
2024-05-25,电子产品,200.72,20.0,东北,企业客户,39.32
2024-05-25,食品,1040.05,46.0,东北,个人客户,56.08
2024-05-25,美妆,653.6,8.0,东北,老客,220.65
2024-05-25,电子产品,1702.03,39.0,东北,个人客户,455.63
2024-05-26,美妆,1694.52,33.0,华东,个人客户,242.85
2024-05-26,家居,1043.43,7.0,华南,新客,328.17
2024-05-26,服装,555.96,32.0,华东,新客,170.45
2024-05-26,电子产品,395.57,17.0,东北,新客,130.5
2024-05-26,家居,1690.73,14.0,华北,个人客户,212.0
2024-05-26,家居,1846.28,44.0,华东,新客,262.45
2024-05-26,家居,102.45,23.0,东北,老客,34.38
2024-05-26,电子产品,1492.54,49.0,华南,个人客户,451.23
2024-05-26,家居,1731.93,9.0,华南,老客,567.39
2024-05-26,美妆,1951.23,44.0,西南,新客,410.47
2024-05-26,家居,758.4,39.0,西南,个人客户,247.54
2024-05-26,食品,1702.89,40.0,东北,企业客户,279.05
2024-05-26,服装,601.71,46.0,华南,个人客户,115.16
2024-05-26,家居,1816.42,39.0,华南,企业客户,540.32
2024-05-27,美妆,1990.61,8.0,华东,新客,636.51
2024-05-27,电子产品,1354.42,15.0,西南,企业客户,363.55
2024-05-27,服装,705.72,47.0,华北,新客,116.75
2024-05-27,家居,1054.6,16.0,华东,新客,325.42
2024-05-27,美妆,141.84,33.0,东北,个人客户,12.65
2024-05-27,食品,1801.34,48.0,华北,企业客户,414.25
2024-05-27,服装,1511.18,30.0,华东,个人客户,485.73
2024-05-27,家居,1063.89,36.0,华北,老客,236.46
2024-05-28,食品,1918.17,27.0,东北,企业客户,383.46
2024-05-28,电子产品,186.0,44.0,西南,老客,57.66
2024-05-28,美妆,921.79,43.0,东北,企业客户,246.76
2024-05-28,电子产品,156.15,18.0,西南,企业客户,10.65
2024-05-28,食品,1337.89,5.0,华东,老客,219.17
2024-05-28,电子产品,103.05,2.0,华北,个人客户,5.95
2024-05-28,家居,1169.92,24.0,东北,个人客户,256.73
2024-05-28,食品,148.31,16.0,东北,个人客户,36.32
2024-05-28,家居,1586.53,8.0,华东,新客,167.51
2024-05-28,电子产品,34.79,36.0,东北,老客,10.88
2024-05-29,电子产品,1793.53,48.0,华东,个人客户,170.04
2024-05-29,电子产品,758.79,9.0,华北,新客,232.05
2024-05-29,食品,983.71,1.0,西南,老客,255.0
2024-05-29,电子产品,229.25,42.0,华东,企业客户,47.14
2024-05-29,家居,237.42,46.0,东北,个人客户,31.28
2024-05-29,家居,1932.18,9.0,华北,新客,621.07
2024-05-29,美妆,1194.42,41.0,华南,老客,400.41
2024-05-30,电子产品,193.4,26.0,东北,老客,41.31
2024-05-30,家居,691.98,27.0,西南,企业客户,168.62
2024-05-30,家居,1811.08,42.0,华东,新客,338.2
2024-05-30,家居,1921.86,8.0,华南,新客,634.18
2024-05-30,电子产品,1069.67,11.0,华北,新客,171.14
2024-05-30,电子产品,1275.15,33.0,华北,新客,186.34
2024-05-30,食品,1891.36,36.0,华南,新客,203.68
2024-05-30,食品,1927.99,47.0,西南,老客,420.52
2024-05-30,服装,,30.0,西南,老客,139.5
2024-05-30,美妆,1246.67,9.0,东北,企业客户,218.96
2024-05-31,家居,1965.74,4.0,华南,企业客户,253.71
2024-05-31,服装,1616.87,40.0,东北,老客,399.66
2024-05-31,食品,1927.67,3.0,华北,个人客户,671.57
2024-05-31,食品,432.33,16.0,华南,个人客户,143.45
2024-05-31,电子产品,-1601.35,8.0,西南,老客,-398.77
2024-05-31,家居,77.88,29.0,华北,老客,15.93
2024-05-31,食品,1711.64,33.0,华北,新客,469.35
2024-05-31,食品,1442.0,21.0,华北,个人客户,186.91
2024-05-31,家居,1490.68,16.0,华东,新客,198.81
2024-06-01,食品,277.64,15.0,西南,企业客户,37.66
2024-06-01,家居,1351.93,42.0,华东,企业客户,139.05
2024-06-01,食品,925.39,30.0,东北,老客,68.22
2024-06-01,食品,770.09,41.0,华南,个人客户,66.75
2024-06-01,电子产品,521.19,27.0,东北,新客,108.65
2024-06-01,食品,1937.53,23.0,华东,老客,652.8
2024-06-01,家居,98.42,8.0,西南,个人客户,13.61
2024-06-01,服装,1612.77,42.0,东北,新客,134.01
2024-06-01,,515.34,16.0,华南,老客,46.44
2024-06-01,电子产品,1084.24,43.0,东北,新客,202.89
2024-06-02,美妆,628.37,12.0,东北,个人客户,108.92
2024-06-02,电子产品,664.92,30.0,华南,新客,98.67
2024-06-02,家居,1560.29,36.0,西南,个人客户,452.32
2024-06-02,食品,1704.52,39.0,西南,企业客户,126.16
2024-06-02,美妆,1327.18,10.0,华东,个人客户,264.15
2024-06-02,食品,451.11,26.0,西南,老客,50.63
2024-06-02,家居,-1084.2,18.0,华北,个人客户,-208.81
2024-06-02,服装,1087.29,46.0,西南,老客,319.0
2024-06-02,家居,-36.88,20.0,华东,老客,-10.24
2024-06-02,家居,713.52,49.0,西南,老客,231.87
2024-06-02,食品,1105.85,1.0,华东,新客,126.15
2024-06-03,食品,1229.08,32.0,东北,老客,204.33
2024-06-03,服装,30.92,28.0,东北,老客,9.39
2024-06-03,美妆,1687.72,7.0,华东,个人客户,140.82
2024-06-03,电子产品,1560.0,7.0,东北,新客,179.86
2024-06-03,电子产品,986.9,23.0,西南,老客,59.05
2024-06-03,家居,1579.32,40.0,东北,企业客户,111.69
2024-06-03,家居,-238.98,27.0,西南,新客,-44.75
2024-06-03,食品,1911.56,43.0,西南,新客,652.98
2024-06-03,美妆,1658.67,20.0,西南,个人客户,382.9
2024-06-03,电子产品,232.0,35.0,华东,新客,34.32
2024-06-04,电子产品,1215.49,33.0,华北,个人客户,124.25
2024-06-04,家居,984.67,44.0,华南,新客,170.1
2024-06-04,食品,894.76,6.0,西南,新客,70.93
2024-06-04,电子产品,1717.06,24.0,西南,企业客户,272.77
2024-06-04,食品,94.3,15.0,华北,新客,31.58
2024-06-04,食品,1039.57,25.0,西南,个人客户,125.64
2024-06-04,家居,-589.21,38.0,东北,新客,-159.51
2024-06-05,美妆,1082.32,6.0,西南,企业客户,319.9
2024-06-05,家居,911.5,5.0,东北,老客,250.58
2024-06-05,家居,462.18,43.0,华东,个人客户,150.94
2024-06-05,食品,1921.79,32.0,华北,个人客户,590.03
2024-06-05,美妆,1645.96,7.0,西南,新客,469.89
2024-06-05,美妆,1907.13,40.0,华东,老客,610.01
2024-06-06,食品,1134.86,20.0,东北,个人客户,182.58
2024-06-06,电子产品,1341.44,16.0,华北,老客,388.88
2024-06-06,服装,1686.29,32.0,华东,企业客户,325.6
2024-06-06,食品,1876.07,10.0,东北,新客,564.03
2024-06-06,食品,154.34,37.0,华北,企业客户,24.39
2024-06-06,电子产品,777.59,29.0,华南,新客,227.11
2024-06-06,食品,1419.11,45.0,东北,老客,122.68
2024-06-07,美妆,635.9,11.0,西南,企业客户,92.13
2024-06-07,美妆,1290.23,44.0,华东,老客,192.13
2024-06-07,食品,1997.42,11.0,西南,新客,413.17
2024-06-07,食品,298.11,34.0,华北,老客,16.81
2024-06-07,电子产品,768.92,15.0,华东,老客,212.9
2024-06-07,家居,-955.58,30.0,华南,企业客户,-314.95
2024-06-07,食品,365.91,22.0,华东,老客,83.27
2024-06-07,服装,50.91,24.0,西南,个人客户,7.15
2024-06-08,电子产品,1010.45,29.0,华东,新客,220.42
2024-06-08,家居,502.61,12.0,华北,新客,57.45
2024-06-08,家居,1209.77,5.0,华南,新客,414.32
2024-06-08,电子产品,1228.32,31.0,华北,企业客户,368.98
2024-06-08,家居,693.39,17.0,华东,个人客户,34.84
2024-06-09,服装,1791.59,26.0,华南,新客,546.13
2024-06-09,服装,526.08,4.0,华东,老客,163.7
2024-06-09,美妆,1850.28,7.0,华北,企业客户,381.33
2024-06-09,食品,1523.81,29.0,东北,个人客户,199.86
2024-06-10,美妆,1963.69,31.0,西南,企业客户,603.36
2024-06-10,食品,643.41,17.0,华东,企业客户,70.66
2024-06-10,家居,431.96,33.0,华南,个人客户,132.84
2024-06-10,食品,1560.39,31.0,华南,个人客户,246.7
2024-06-10,食品,1124.31,5.0,华北,老客,345.9
2024-06-10,家居,1412.26,31.0,华北,老客,101.41
2024-06-10,美妆,1150.85,30.0,华东,新客,175.1
2024-06-11,美妆,1583.51,22.0,华北,新客,99.16
2024-06-11,家居,1875.67,21.0,华东,个人客户,99.73
2024-06-11,食品,194.79,47.0,华北,个人客户,18.26
2024-06-11,家居,290.38,43.0,西南,,75.99
2024-06-11,家居,186.88,43.0,华南,新客,32.34
2024-06-11,服装,1192.5,24.0,华北,新客,118.08
2024-06-11,电子产品,1829.78,37.0,华东,老客,184.24
2024-06-11,家居,474.33,25.0,东北,老客,69.12
2024-06-11,美妆,1069.3,18.0,华南,新客,263.12
2024-06-11,家居,1605.77,48.0,华北,老客,201.16
2024-06-11,服装,1406.33,38.0,华东,个人客户,420.86
2024-06-11,电子产品,1735.94,24.0,西南,企业客户,425.8
2024-06-11,美妆,1506.67,28.0,东北,新客,402.78
2024-06-11,家居,425.07,43.0,华东,新客,24.05
2024-06-12,电子产品,1714.47,21.0,西南,新客,513.72
2024-06-12,家居,1885.49,33.0,东北,企业客户,234.66
2024-06-12,服装,1796.09,20.0,西南,企业客户,135.76
2024-06-12,食品,1133.86,19.0,华南,企业客户,291.05
2024-06-12,家居,1766.85,4.0,华北,新客,386.42
2024-06-12,美妆,1585.0,24.0,华东,个人客户,114.21
2024-06-12,家居,1095.18,50.0,华南,个人客户,129.56
2024-06-12,美妆,283.44,9.0,华东,老客,72.34
2024-06-13,服装,32.92,35.0,华东,企业客户,11.33
2024-06-13,美妆,745.21,17.0,华东,企业客户,176.82
2024-06-13,家居,284.81,44.0,东北,老客,30.54
2024-06-13,电子产品,876.24,31.0,西南,新客,142.68
2024-06-13,美妆,1958.67,4.0,华北,新客,154.91
2024-06-13,电子产品,1400.08,5.0,东北,新客,153.72
2024-06-13,美妆,1653.22,41.0,西南,个人客户,533.93
2024-06-13,食品,332.44,4.0,华南,新客,20.28
2024-06-13,食品,1946.39,6.0,东北,个人客户,453.24
2024-06-13,美妆,1290.31,12.0,东北,新客,89.2
2024-06-13,家居,1829.39,37.0,东北,企业客户,544.11
2024-06-14,家居,1612.41,20.0,东北,个人客户,520.55
2024-06-14,家居,1368.85,19.0,西南,新客,77.71
2024-06-14,电子产品,1641.11,19.0,东北,企业客户,247.16
2024-06-14,家居,562.7,50.0,东北,老客,104.01
2024-06-14,食品,1381.33,50.0,西南,个人客户,441.98
2024-06-14,服装,1542.84,9.0,华东,个人客户,503.95
2024-06-14,美妆,1888.84,36.0,华南,企业客户,466.17
2024-06-14,食品,284.25,27.0,华北,老客,76.18
2024-06-14,电子产品,-1673.84,5.0,华北,企业客户,-189.03
2024-06-15,服装,1750.4,10.0,西南,老客,488.09
2024-06-15,电子产品,-856.11,40.0,华南,老客,-224.84
2024-06-15,食品,1658.27,39.0,华东,个人客户,381.97
2024-06-15,食品,1968.78,19.0,东北,个人客户,248.78
2024-06-15,服装,323.34,15.0,西南,企业客户,86.43
2024-06-15,食品,1055.01,45.0,华南,老客,315.15
2024-06-15,美妆,1576.07,13.0,华北,企业客户,427.45
2024-06-16,食品,1529.42,18.0,华南,企业客户,265.7
2024-06-16,家居,1174.5,16.0,西南,新客,375.41
2024-06-16,食品,969.92,30.0,华东,新客,292.76
2024-06-16,电子产品,474.72,19.0,西南,个人客户,111.8
2024-06-16,美妆,502.27,16.0,西南,企业客户,103.42
2024-06-16,美妆,1233.82,13.0,西南,企业客户,425.35
2024-06-16,美妆,1552.62,15.0,华南,企业客户,289.05
2024-06-16,电子产品,1250.67,22.0,东北,个人客户,284.1
2024-06-16,电子产品,1069.82,29.0,东北,企业客户,198.43
2024-06-16,食品,885.25,9.0,华南,新客,222.43
2024-06-16,食品,249.36,49.0,华南,个人客户,27.28
2024-06-16,美妆,1780.81,43.0,西南,新客,615.85
2024-06-16,电子产品,463.58,25.0,华东,个人客户,151.56
2024-06-17,食品,1506.35,28.0,东北,企业客户,140.77
2024-06-17,家居,875.71,35.0,西南,新客,224.46
2024-06-17,美妆,97.63,19.0,东北,个人客户,16.9
2024-06-17,家居,149.57,44.0,华北,企业客户,17.71
2024-06-17,家居,961.39,36.0,华东,企业客户,233.96
2024-06-17,美妆,-1459.75,24.0,华东,老客,-463.02
2024-06-17,食品,360.52,29.0,西南,个人客户,53.67
2024-06-17,美妆,125.04,44.0,华东,企业客户,11.61
2024-06-17,美妆,267.22,3.0,西南,老客,15.26
2024-06-17,食品,791.07,37.0,东北,个人客户,256.3
2024-06-18,美妆,642.25,5.0,西南,新客,38.92
2024-06-18,电子产品,93.22,42.0,华东,新客,29.05
2024-06-18,美妆,385.2,44.0,西南,企业客户,122.8
2024-06-18,食品,965.93,6.0,东北,个人客户,330.76
2024-06-18,美妆,1378.9,44.0,华东,老客,273.03
2024-06-18,服装,1872.47,18.0,西南,新客,200.27
2024-06-18,家居,756.48,9.0,华东,个人客户,102.53
2024-06-19,食品,1835.71,28.0,华南,新客,349.23
2024-06-19,美妆,577.71,39.0,东北,个人客户,85.11
2024-06-19,食品,1964.66,31.0,东北,老客,508.5
2024-06-19,美妆,99.33,43.0,华北,新客,22.1
2024-06-19,服装,506.15,35.0,华东,企业客户,39.36
2024-06-19,食品,734.21,15.0,华南,老客,72.97
2024-06-19,美妆,1832.32,30.0,西南,老客,581.15
2024-06-19,家居,1641.1,30.0,华北,个人客户,466.0
2024-06-19,服装,1336.94,28.0,东北,老客,142.12
2024-06-19,电子产品,520.85,5.0,东北,新客,62.45
2024-06-19,食品,1885.79,30.0,东北,新客,157.65
2024-06-19,食品,774.92,7.0,华东,新客,224.36
2024-06-19,家居,674.46,48.0,西南,老客,80.55
2024-06-19,食品,388.38,3.0,华南,新客,86.41
2024-06-20,电子产品,238.59,35.0,东北,新客,60.43
2024-06-20,电子产品,1708.09,2.0,华北,新客,440.27
2024-06-20,电子产品,768.21,45.0,华北,企业客户,109.89
2024-06-20,食品,1655.41,8.0,华北,个人客户,371.31
2024-06-20,电子产品,1708.69,40.0,西南,老客,586.08
2024-06-21,美妆,370.2,29.0,华北,新客,75.03
2024-06-21,电子产品,1086.36,50.0,华北,新客,145.38
2024-06-21,家居,451.03,19.0,东北,新客,85.42
2024-06-21,家居,1841.84,31.0,华北,个人客户,349.31
2024-06-21,家居,1577.0,30.0,西南,老客,168.31
2024-06-21,食品,1768.43,8.0,华北,企业客户,516.3
2024-06-21,服装,252.73,10.0,华东,个人客户,44.23
2024-06-22,食品,996.13,45.0,华北,新客,98.18
2024-06-22,美妆,1323.7,37.0,西南,新客,257.09
2024-06-22,服装,946.44,3.0,华南,个人客户,69.41
2024-06-22,服装,1689.06,45.0,西南,老客,200.6
2024-06-22,食品,1476.33,38.0,华南,老客,375.38
2024-06-22,食品,1341.81,4.0,西南,企业客户,457.18
2024-06-22,家居,365.52,3.0,华东,新客,103.36
2024-06-22,电子产品,511.04,38.0,东北,企业客户,29.55
2024-06-22,美妆,101.08,31.0,华北,企业客户,23.33
2024-06-23,美妆,1205.55,25.0,西南,老客,394.38
2024-06-23,服装,1435.64,24.0,华北,老客,276.49
2024-06-23,家居,545.06,12.0,华东,新客,42.2
2024-06-23,家居,796.91,26.0,华东,老客,191.49
2024-06-23,家居,684.21,4.0,东北,个人客户,42.16
2024-06-24,电子产品,454.6,7.0,华南,个人客户,155.87
2024-06-24,服装,890.85,44.0,西南,个人客户,202.4
2024-06-24,食品,801.14,37.0,华南,老客,188.57
2024-06-24,美妆,1736.65,37.0,西南,新客,393.88
2024-06-24,家居,522.46,41.0,华北,老客,27.58
2024-06-24,家居,564.44,10.0,西南,个人客户,40.57
2024-06-24,电子产品,1058.48,2.0,东北,企业客户,256.49
2024-06-24,家居,612.52,21.0,东北,新客,31.54
2024-06-24,服装,741.37,18.0,华北,个人客户,45.5
2024-06-24,美妆,150.02,15.0,华南,个人客户,10.13
2024-06-25,服装,492.29,40.0,西南,新客,96.51
2024-06-25,电子产品,33.73,3.0,西南,企业客户,9.22
2024-06-25,服装,492.54,13.0,华北,新客,113.77
2024-06-25,电子产品,437.0,42.0,华东,企业客户,150.52
2024-06-25,家居,382.15,35.0,东北,老客,80.38
2024-06-25,电子产品,1780.26,41.0,华北,个人客户,527.1
2024-06-25,服装,1851.16,29.0,华东,老客,383.4
2024-06-25,电子产品,367.49,26.0,华东,新客,78.36
2024-06-25,家居,1835.72,7.0,东北,企业客户,459.72
2024-06-25,家居,1987.96,43.0,东北,老客,626.88
2024-06-25,家居,836.89,16.0,西南,新客,269.32
2024-06-26,电子产品,1464.85,19.0,东北,老客,275.65
2024-06-26,电子产品,1783.26,23.0,华南,企业客户,566.91
2024-06-26,食品,442.86,40.0,华南,企业客户,154.44
2024-06-26,电子产品,541.33,18.0,东北,老客,138.43
2024-06-26,美妆,1543.73,46.0,华东,新客,429.16
2024-06-26,家居,249.23,40.0,华北,企业客户,60.97
2024-06-26,美妆,1362.94,50.0,华北,老客,199.44
2024-06-27,美妆,1156.16,,华南,老客,150.12
2024-06-27,家居,337.09,19.0,华南,新客,88.35
2024-06-27,电子产品,1755.12,14.0,华东,老客,416.99
2024-06-27,家居,1774.75,27.0,西南,新客,365.22
2024-06-27,家居,1337.3,24.0,西南,老客,468.04
2024-06-27,食品,777.95,24.0,华东,老客,41.11
2024-06-27,家居,310.01,10.0,东北,老客,40.23
2024-06-27,电子产品,636.4,27.0,西南,老客,219.52
2024-06-27,食品,401.62,24.0,西南,新客,105.33
2024-06-27,美妆,793.89,15.0,华东,新客,168.12
2024-06-27,家居,1201.19,8.0,华北,个人客户,214.23
2024-06-27,服装,1046.43,23.0,华南,新客,252.12
2024-06-28,电子产品,638.37,2.0,东北,老客,39.82
2024-06-28,美妆,314.64,3.0,华北,老客,21.06
2024-06-28,服装,519.09,2.0,华北,新客,64.72
2024-06-28,电子产品,1203.96,29.0,华南,企业客户,163.2
2024-06-28,美妆,359.85,21.0,华北,个人客户,95.35
2024-06-28,家居,1119.28,30.0,东北,个人客户,131.61
2024-06-28,电子产品,326.63,38.0,西南,新客,31.88
2024-06-29,电子产品,-637.81,48.0,华东,企业客户,-206.29
2024-06-29,家居,1199.99,38.0,华北,个人客户,205.49
2024-06-29,食品,1918.24,26.0,华北,新客,127.94
2024-06-29,美妆,570.96,34.0,华北,个人客户,71.87
2024-06-29,服装,1551.17,36.0,华北,企业客户,505.66
2024-06-29,食品,733.31,43.0,华南,企业客户,42.06
2024-06-29,电子产品,1744.24,27.0,东北,企业客户,347.74
2024-06-29,食品,1106.16,13.0,华北,企业客户,170.44
2024-06-29,美妆,373.74,39.0,西南,新客,33.29
2024-06-29,家居,288.77,43.0,华北,个人客户,96.69
2024-06-29,美妆,1317.23,11.0,东北,个人客户,108.44
2024-06-29,家居,617.22,48.0,华北,老客,159.75
2024-06-30,家居,1304.47,33.0,华南,老客,168.18
2024-06-30,食品,1973.65,46.0,东北,个人客户,328.32
2024-06-30,美妆,1995.59,44.0,西南,老客,420.14
2024-06-30,食品,1785.78,40.0,西南,老客,527.96
2024-06-30,电子产品,316.92,11.0,西南,老客,67.43
2024-06-30,家居,690.56,1.0,华南,个人客户,
2024-07-01,服装,1589.66,6.0,华南,个人客户,250.4
2024-07-01,美妆,1416.23,29.0,华北,企业客户,115.4
2024-07-01,家居,273.46,38.0,华南,企业客户,94.44
2024-07-01,服装,1890.54,15.0,东北,新客,245.65
2024-07-01,家居,1439.32,45.0,西南,个人客户,123.09
2024-07-01,电子产品,1516.05,45.0,华东,个人客户,138.79
2024-07-01,家居,1602.84,37.0,华北,企业客户,245.85
2024-07-01,服装,579.4,2.0,西南,个人客户,95.03
2024-07-02,食品,1194.51,21.0,东北,老客,101.09
2024-07-02,美妆,246.49,42.0,华北,个人客户,36.61
2024-07-02,食品,1394.49,44.0,西南,新客,260.28
2024-07-02,食品,1152.49,25.0,华北,企业客户,185.33
2024-07-02,食品,121.43,50.0,华南,企业客户,31.58
2024-07-02,服装,495.31,23.0,华东,新客,107.19
2024-07-02,食品,702.53,4.0,华北,老客,49.65
2024-07-02,电子产品,-1793.58,32.0,华北,老客,-121.5
2024-07-02,美妆,846.84,47.0,西南,新客,65.71
2024-07-02,服装,992.13,44.0,华北,个人客户,180.63
2024-07-03,服装,956.08,39.0,华北,老客,160.58
2024-07-03,家居,396.11,38.0,东北,个人客户,72.05
2024-07-03,食品,148.78,18.0,华北,个人客户,48.5
2024-07-03,家居,1513.2,2.0,华南,老客,169.48
2024-07-03,美妆,1187.19,15.0,华南,企业客户,389.63
2024-07-03,服装,232.08,36.0,东北,企业客户,65.42
2024-07-03,家居,-720.74,1.0,东北,新客,-156.64
2024-07-03,美妆,127.44,25.0,华南,企业客户,39.14
2024-07-03,美妆,746.16,3.0,华南,个人客户,53.76
2024-07-03,电子产品,814.75,47.0,华南,个人客户,283.48
2024-07-03,服装,772.28,6.0,华南,新客,130.49
2024-07-04,服装,392.93,3.0,华东,新客,37.67
2024-07-04,电子产品,1436.49,25.0,西南,老客,106.51
2024-07-04,服装,897.29,43.0,华南,新客,169.06
2024-07-04,服装,1772.85,41.0,西南,新客,99.73
2024-07-04,服装,1771.82,26.0,东北,企业客户,389.02
2024-07-04,家居,1642.99,8.0,华南,个人客户,525.73
2024-07-04,电子产品,330.22,10.0,华南,个人客户,68.96
2024-07-04,食品,802.3,26.0,西南,老客,77.37
2024-07-04,美妆,1578.71,16.0,华北,个人客户,139.41
2024-07-04,食品,1821.82,13.0,东北,企业客户,595.09
2024-07-04,美妆,401.34,49.0,华东,新客,34.24
2024-07-04,电子产品,1513.63,8.0,华北,企业客户,281.04
2024-07-04,家居,1652.15,47.0,华东,新客,94.33
2024-07-04,服装,1035.33,41.0,西南,个人客户,331.87
2024-07-04,电子产品,1439.89,33.0,东北,新客,374.33
2024-07-05,电子产品,-930.59,2.0,华东,老客,-223.95
2024-07-05,家居,1162.54,23.0,华北,企业客户,175.14
2024-07-05,家居,309.59,20.0,东北,企业客户,80.95
2024-07-05,家居,1781.64,7.0,东北,老客,391.56
2024-07-05,服装,1360.22,8.0,华北,个人客户,324.97
2024-07-05,服装,367.98,15.0,华南,新客,71.96
2024-07-05,电子产品,167.1,13.0,华北,老客,58.34
2024-07-05,电子产品,1013.56,1.0,华东,企业客户,199.19
2024-07-05,家居,1183.33,22.0,华南,新客,91.22
2024-07-06,美妆,1959.01,33.0,华南,企业客户,575.88
2024-07-06,服装,1237.53,42.0,华北,老客,80.06
2024-07-06,服装,1868.07,34.0,华南,老客,608.17
2024-07-06,服装,876.53,17.0,华南,老客,124.47
2024-07-06,食品,578.6,25.0,华北,新客,47.97
2024-07-06,食品,1025.96,13.0,西南,老客,157.08
2024-07-06,服装,517.8,6.0,华南,企业客户,29.82
2024-07-06,美妆,629.64,31.0,东北,个人客户,103.61
2024-07-06,服装,236.98,32.0,华北,个人客户,60.63
2024-07-06,食品,478.35,32.0,华北,老客,35.86
2024-07-06,食品,208.11,19.0,西南,个人客户,71.89
2024-07-06,电子产品,1849.94,24.0,西南,个人客户,472.46
2024-07-06,服装,365.83,48.0,西南,老客,71.55
2024-07-07,电子产品,279.46,11.0,西南,个人客户,14.49
2024-07-07,服装,371.31,34.0,华东,新客,105.24
2024-07-07,服装,1269.53,31.0,西南,老客,389.85
2024-07-07,食品,1622.25,16.0,华南,个人客户,441.17
2024-07-07,食品,837.41,15.0,华东,新客,251.4
2024-07-07,服装,154.22,4.0,华东,企业客户,14.19
2024-07-07,服装,1324.72,49.0,西南,企业客户,131.92
2024-07-07,美妆,608.9,10.0,西南,新客,42.51
2024-07-07,电子产品,677.92,12.0,西南,新客,69.38
2024-07-07,美妆,219.8,48.0,东北,老客,19.89
2024-07-08,电子产品,470.58,21.0,华东,企业客户,132.57
2024-07-08,电子产品,370.97,16.0,西南,企业客户,20.15
2024-07-08,食品,1199.97,49.0,东北,新客,127.64
2024-07-08,服装,1049.41,17.0,华北,新客,255.75
2024-07-08,服装,1390.38,39.0,华南,新客,428.76
2024-07-08,美妆,1682.7,45.0,东北,个人客户,412.44
2024-07-09,家居,1285.74,6.0,华北,企业客户,232.25
2024-07-09,电子产品,1217.73,10.0,华南,个人客户,391.7
2024-07-09,食品,771.16,21.0,华南,新客,70.1
2024-07-09,家居,398.69,11.0,华南,个人客户,71.76
2024-07-09,电子产品,1779.13,24.0,华南,新客,229.43
2024-07-09,电子产品,723.3,26.0,东北,新客,169.14
2024-07-09,食品,335.19,13.0,西南,新客,77.22
2024-07-09,家居,1095.41,20.0,东北,企业客户,338.46
2024-07-09,服装,757.82,41.0,东北,新客,224.4
2024-07-10,美妆,457.19,6.0,华北,老客,83.56
2024-07-10,电子产品,1021.02,44.0,东北,企业客户,224.07
2024-07-10,服装,1906.43,39.0,东北,新客,602.54
2024-07-10,美妆,152.53,21.0,西南,个人客户,13.32
2024-07-10,家居,690.78,28.0,华北,新客,96.41
2024-07-10,美妆,1535.24,36.0,东北,企业客户,338.09
2024-07-10,服装,1363.86,33.0,华南,企业客户,279.22
2024-07-10,家居,1176.21,4.0,华南,新客,176.79
2024-07-10,电子产品,1761.67,14.0,华东,企业客户,135.11
2024-07-11,家居,1033.54,23.0,西南,企业客户,95.05
2024-07-11,服装,1817.94,16.0,华南,老客,169.65
2024-07-11,服装,1351.38,26.0,西南,个人客户,224.25
2024-07-11,服装,1245.0,35.0,华南,个人客户,289.02
2024-07-11,美妆,1851.85,30.0,华东,老客,240.7
2024-07-11,美妆,1787.75,25.0,华北,老客,169.55
2024-07-11,食品,1927.61,17.0,东北,老客,252.54
2024-07-11,美妆,315.71,18.0,华东,新客,16.4
2024-07-12,电子产品,620.7,21.0,华东,新客,194.66
2024-07-12,家居,372.77,27.0,华南,企业客户,81.23
2024-07-12,食品,-413.92,38.0,东北,老客,-114.81
2024-07-12,食品,592.85,22.0,华北,个人客户,101.63
2024-07-12,服装,-697.55,24.0,华南,老客,-92.44
2024-07-12,食品,46.99,28.0,华东,个人客户,10.96
2024-07-12,电子产品,1858.29,37.0,华南,新客,495.94
2024-07-12,服装,544.6,34.0,华南,老客,28.03
2024-07-12,美妆,1601.37,50.0,东北,老客,243.1
2024-07-12,食品,741.27,16.0,华南,企业客户,123.82
2024-07-13,家居,807.98,18.0,华东,个人客户,205.33
2024-07-13,电子产品,1444.45,6.0,华东,老客,244.49
2024-07-13,美妆,380.38,33.0,华东,新客,87.27
2024-07-13,家居,626.3,35.0,西南,新客,129.85
2024-07-13,美妆,617.28,28.0,东北,个人客户,150.76
2024-07-13,美妆,655.24,33.0,西南,新客,154.3
2024-07-13,食品,528.84,41.0,华南,企业客户,137.76
2024-07-13,电子产品,1604.15,37.0,西南,新客,123.07
2024-07-14,电子产品,586.94,38.0,东北,企业客户,200.87
2024-07-14,电子产品,1128.21,49.0,东北,新客,79.58
2024-07-14,服装,465.83,27.0,华北,新客,42.9
2024-07-14,电子产品,444.52,10.0,华南,新客,129.69
2024-07-14,电子产品,822.03,35.0,华东,个人客户,191.99
2024-07-14,服装,1369.71,48.0,东北,企业客户,168.95
2024-07-14,食品,1485.22,2.0,华东,新客,428.33
2024-07-14,食品,682.87,18.0,华南,老客,192.07
2024-07-14,美妆,217.38,1.0,西南,老客,27.15
2024-07-14,电子产品,1132.95,49.0,华北,个人客户,106.77
2024-07-14,家居,1866.59,46.0,华南,企业客户,308.57
2024-07-15,服装,740.29,26.0,西南,个人客户,246.22
2024-07-15,美妆,1261.8,2.0,华北,新客,344.04
2024-07-15,电子产品,415.44,38.0,东北,新客,39.74
2024-07-15,电子产品,1521.83,,西南,新客,381.24
2024-07-15,美妆,1989.63,12.0,东北,个人客户,418.87
2024-07-15,美妆,1534.07,50.0,西南,新客,311.85
2024-07-15,美妆,1580.07,7.0,华北,新客,124.11
2024-07-15,服装,821.16,23.0,东北,老客,281.89
2024-07-16,服装,1565.4,1.0,东北,个人客户,514.6
2024-07-16,服装,1253.38,16.0,华南,老客,149.37
2024-07-16,家居,1769.03,4.0,西南,个人客户,219.27
2024-07-16,服装,1499.43,12.0,华南,个人客户,108.3
2024-07-16,电子产品,92.82,15.0,华南,企业客户,6.85
2024-07-16,电子产品,1757.6,4.0,华北,新客,509.84
2024-07-16,电子产品,198.3,37.0,华东,企业客户,39.48
2024-07-17,食品,813.4,46.0,西南,新客,239.56
2024-07-17,食品,1810.48,24.0,东北,新客,101.84
2024-07-17,电子产品,931.57,47.0,华北,个人客户,183.41
2024-07-17,美妆,-795.0,35.0,西南,企业客户,-160.1
2024-07-17,服装,1838.49,1.0,西南,企业客户,294.65
2024-07-17,食品,1991.53,48.0,华东,新客,234.35
2024-07-17,美妆,1477.23,48.0,东北,新客,390.53
2024-07-17,家居,1019.25,3.0,华南,新客,192.31
2024-07-17,电子产品,1544.5,31.0,华北,老客,228.35
2024-07-17,家居,517.07,32.0,华南,老客,54.23
2024-07-18,电子产品,1528.61,45.0,东北,新客,156.47
2024-07-18,食品,32.5,7.0,华北,老客,9.49
2024-07-18,服装,1096.98,4.0,华南,新客,169.12
2024-07-18,服装,492.64,16.0,华北,个人客户,143.85
2024-07-18,服装,750.03,40.0,西南,老客,238.92
2024-07-18,服装,810.85,12.0,东北,个人客户,120.57
2024-07-18,美妆,915.88,32.0,华东,新客,277.66
2024-07-18,食品,871.92,2.0,华北,新客,47.14
2024-07-18,家居,1676.36,26.0,华东,企业客户,148.42
2024-07-18,美妆,1268.23,15.0,东北,个人客户,310.04
2024-07-18,服装,66.48,4.0,东北,老客,21.97
2024-07-18,服装,1608.02,33.0,西南,新客,208.79
2024-07-19,美妆,1810.09,11.0,东北,企业客户,453.5
2024-07-19,家居,549.5,44.0,华北,老客,139.38
2024-07-19,食品,1769.47,3.0,西南,个人客户,319.29
2024-07-19,电子产品,1536.45,37.0,华东,新客,237.52
2024-07-19,美妆,526.13,12.0,华南,个人客户,169.02
2024-07-19,食品,1291.78,44.0,华东,老客,104.99
2024-07-19,电子产品,1147.38,42.0,华北,个人客户,273.01
2024-07-19,食品,166.59,49.0,西南,个人客户,24.33
2024-07-19,食品,309.67,38.0,华北,企业客户,97.4
2024-07-19,食品,,36.0,西南,老客,356.21
2024-07-19,食品,533.34,38.0,华北,老客,47.66
2024-07-19,服装,176.45,26.0,华南,个人客户,30.41
2024-07-20,电子产品,798.66,3.0,华东,企业客户,138.89
2024-07-20,美妆,1318.43,22.0,东北,个人客户,398.38
2024-07-20,服装,1087.68,32.0,东北,新客,137.78
2024-07-20,服装,1581.18,10.0,华南,个人客户,316.51
2024-07-20,家居,403.44,7.0,东北,新客,117.26
2024-07-20,家居,608.15,45.0,华南,企业客户,165.77
2024-07-20,美妆,818.97,45.0,华南,新客,243.69
2024-07-20,家居,1188.96,25.0,东北,新客,326.26
2024-07-20,服装,897.75,11.0,华北,新客,103.19
2024-07-20,服装,1708.21,26.0,华南,个人客户,350.68
2024-07-21,美妆,1766.41,41.0,华东,新客,269.69
2024-07-21,家居,1935.54,15.0,西南,新客,524.8
2024-07-21,家居,696.65,32.0,华北,新客,215.62
2024-07-21,电子产品,1155.96,43.0,华南,个人客户,77.67
2024-07-21,服装,979.21,40.0,东北,个人客户,336.73
2024-07-22,食品,1895.91,21.0,华东,个人客户,520.39
2024-07-22,家居,618.02,45.0,西南,老客,124.48
2024-07-22,美妆,1250.8,50.0,华北,个人客户,342.73
2024-07-22,食品,1175.86,24.0,华东,老客,276.62
2024-07-22,食品,1576.7,28.0,华南,个人客户,213.12
2024-07-22,食品,1829.84,40.0,西南,老客,171.52
2024-07-22,美妆,1241.51,28.0,东北,新客,168.39
2024-07-22,美妆,400.04,33.0,西南,个人客户,121.8
2024-07-22,食品,608.86,13.0,华东,企业客户,81.73
2024-07-22,服装,759.37,30.0,华南,个人客户,95.86
2024-07-22,服装,1597.47,44.0,华东,新客,541.36
2024-07-23,电子产品,85.67,10.0,东北,新客,9.8
2024-07-23,食品,1583.42,8.0,华北,老客,513.8
2024-07-23,电子产品,1044.33,44.0,华南,新客,205.35
2024-07-24,服装,1995.08,36.0,华东,企业客户,253.78
2024-07-24,美妆,695.13,45.0,华北,新客,160.67
2024-07-24,电子产品,1182.61,5.0,西南,老客,404.07
2024-07-24,食品,1347.67,35.0,华北,老客,280.82
2024-07-24,家居,746.12,11.0,西南,企业客户,245.42
2024-07-24,电子产品,742.68,2.0,华东,老客,181.64
2024-07-24,电子产品,1681.06,13.0,华南,个人客户,126.45
2024-07-24,服装,149.96,13.0,西南,老客,43.1
2024-07-24,食品,1088.4,13.0,华南,企业客户,122.17
2024-07-25,服装,1904.47,29.0,东北,老客,639.0
2024-07-25,食品,1476.34,44.0,东北,企业客户,504.68
2024-07-25,电子产品,1887.64,15.0,华东,老客,499.6
2024-07-25,服装,576.8,42.0,华北,新客,111.82
2024-07-25,电子产品,270.77,31.0,华北,企业客户,62.9
2024-07-26,美妆,69.99,13.0,华南,新客,6.35
2024-07-26,食品,1975.39,35.0,西南,个人客户,137.41
2024-07-26,家居,68.46,44.0,华东,个人客户,19.29
2024-07-26,美妆,919.24,36.0,西南,个人客户,117.96
2024-07-26,食品,1700.71,6.0,华北,个人客户,286.48
2024-07-26,服装,1851.86,32.0,东北,新客,542.02
2024-07-26,电子产品,629.93,5.0,东北,老客,190.44
2024-07-26,食品,842.15,18.0,华北,个人客户,268.31
2024-07-26,食品,1849.82,9.0,东北,企业客户,267.04
2024-07-26,美妆,1983.43,34.0,华北,个人客户,117.3
2024-07-26,服装,1572.26,2.0,华北,新客,197.24
2024-07-26,食品,1782.85,19.0,华北,个人客户,429.58
2024-07-26,服装,1008.48,49.0,华北,企业客户,308.21
2024-07-26,食品,1267.79,29.0,华东,企业客户,265.8
2024-07-26,电子产品,859.35,41.0,华北,企业客户,193.76
2024-07-26,食品,193.19,31.0,华东,个人客户,15.33
2024-07-27,服装,1019.68,27.0,华南,企业客户,243.73
2024-07-27,服装,76.94,21.0,西南,企业客户,15.32
2024-07-27,家居,1473.66,49.0,华东,个人客户,308.46
2024-07-27,美妆,306.68,48.0,华东,新客,26.7
2024-07-27,电子产品,271.3,31.0,西南,个人客户,67.28
2024-07-27,食品,1887.41,12.0,西南,老客,191.99
2024-07-27,美妆,321.61,37.0,华东,个人客户,27.2
2024-07-28,服装,1669.52,16.0,华南,老客,466.61
2024-07-28,食品,946.96,38.0,华东,新客,156.64
2024-07-28,电子产品,1756.21,17.0,西南,企业客户,367.78
2024-07-28,电子产品,1720.63,35.0,东北,企业客户,161.56
2024-07-28,美妆,434.13,46.0,东北,企业客户,81.62
2024-07-28,服装,1970.07,43.0,华南,新客,436.62
2024-07-29,电子产品,903.88,19.0,华北,老客,176.48
2024-07-29,食品,791.55,10.0,华北,个人客户,92.82
2024-07-29,服装,259.06,20.0,华南,企业客户,17.17
2024-07-29,电子产品,705.67,19.0,华北,企业客户,113.02
2024-07-29,家居,193.77,13.0,华北,老客,20.91
2024-07-29,电子产品,673.93,9.0,华东,企业客户,209.87
2024-07-29,电子产品,620.25,23.0,东北,新客,213.01
2024-07-30,家居,-1277.28,39.0,东北,企业客户,-215.46
2024-07-30,服装,1552.54,22.0,西南,老客,329.65
2024-07-30,美妆,1828.76,43.0,华东,老客,343.79
2024-07-30,家居,1973.99,33.0,东北,新客,579.76
2024-07-30,服装,326.1,16.0,华北,新客,32.05
2024-07-30,美妆,1409.75,1.0,华南,新客,485.3
2024-07-30,服装,1643.23,28.0,华东,个人客户,224.3
2024-07-30,服装,1101.98,45.0,东北,老客,205.15
2024-07-30,服装,1074.13,13.0,东北,企业客户,105.96
2024-07-31,食品,1698.62,16.0,华东,老客,465.37
2024-07-31,家居,1912.96,15.0,华东,新客,444.35
2024-07-31,服装,1140.05,26.0,华北,老客,317.83
2024-07-31,电子产品,1301.32,20.0,西南,个人客户,270.87
2024-07-31,服装,1386.34,35.0,东北,企业客户,443.65
2024-07-31,家居,1336.35,2.0,东北,个人客户,198.76
2024-07-31,电子产品,134.29,37.0,西南,企业客户,44.78
2024-07-31,美妆,33.63,50.0,东北,个人客户,4.97
,电子产品,1474.28,14.0,西南,新客,318.32
,电子产品,787.74,22.0,东北,新客,123.35
,服装,307.9,31.0,东北,个人客户,96.22
