订单日期,产品类别,销售额,销量,地区,客户细分
2024-01-01,家居,1384.74,8.0,东北,新客
2024-01-01,食品,1335.92,10.0,华北,老客
2024-01-01,美妆,436.16,39.0,华北,老客
2024-01-01,家居,496.32,12.0,华东,新客
2024-01-01,服装,1728.6,3.0,西南,新客
2024-01-01,食品,159.98,34.0,华东,新客
2024-01-01,电子产品,1793.99,9.0,东北,老客
2024-01-02,电子产品,1582.63,7.0,华南,企业客户
2024-01-02,食品,1331.46,36.0,东北,新客
2024-01-02,美妆,1583.06,34.0,华东,企业客户
2024-01-02,服装,434.58,37.0,华南,老客
2024-01-02,食品,512.67,20.0,华南,企业客户
2024-01-02,食品,670.33,17.0,东北,企业客户
2024-01-02,电子产品,1327.3,4.0,华北,个人客户
2024-01-02,家居,902.55,39.0,华南,新客
2024-01-02,服装,1269.58,5.0,华东,新客
2024-01-03,美妆,1326.14,3.0,华东,新客
2024-01-03,食品,1224.52,46.0,华北,老客
2024-01-03,服装,1322.2,4.0,华南,企业客户
2024-01-03,食品,344.95,47.0,华南,个人客户
2024-01-03,美妆,1050.83,7.0,东北,老客
2024-01-03,食品,1861.72,29.0,西南,个人客户
2024-01-03,食品,1741.54,6.0,华北,新客
2024-01-03,食品,230.55,46.0,华东,个人客户
2024-01-03,美妆,-437.29,7.0,华北,新客
2024-01-03,食品,1327.54,7.0,华东,新客
2024-01-03,家居,858.77,36.0,华北,新客
2024-01-03,电子产品,994.25,34.0,东北,个人客户
2024-01-03,家居,1170.53,45.0,东北,个人客户
2024-01-03,美妆,246.81,49.0,华北,新客
2024-01-04,家居,964.7,43.0,东北,老客
2024-01-04,食品,264.71,44.0,华北,老客
2024-01-04,美妆,1253.65,27.0,华东,老客
2024-01-04,美妆,848.88,46.0,西南,企业客户
2024-01-05,美妆,1957.95,7.0,西南,新客
2024-01-05,服装,1873.64,2.0,华北,个人客户
2024-01-05,电子产品,-1112.25,2.0,东北,新客
2024-01-05,服装,958.37,8.0,华东,新客
2024-01-05,服装,-658.32,17.0,华南,新客
2024-01-06,食品,86.84,38.0,西南,新客
2024-01-06,服装,1485.23,14.0,东北,新客
2024-01-06,电子产品,1812.35,48.0,华东,个人客户
2024-01-06,美妆,1894.28,23.0,华北,企业客户
2024-01-06,美妆,1294.46,1.0,西南,新客
2024-01-06,食品,1373.67,17.0,华南,企业客户
2024-01-06,电子产品,928.63,17.0,东北,老客
2024-01-06,家居,1291.64,26.0,西南,企业客户
2024-01-07,电子产品,1963.04,26.0,华北,企业客户
2024-01-07,电子产品,482.9,23.0,华东,新客
2024-01-07,食品,1231.72,39.0,东北,个人客户
2024-01-07,家居,278.49,41.0,华北,个人客户
2024-01-07,食品,754.29,46.0,华北,新客
2024-01-07,食品,377.86,7.0,华北,老客
2024-01-07,美妆,132.63,43.0,华南,企业客户
2024-01-07,电子产品,1813.52,42.0,华南,新客
2024-01-07,美妆,1437.72,27.0,华南,老客
2024-01-07,服装,1188.82,30.0,华东,新客
2024-01-08,家居,530.48,41.0,华南,个人客户
2024-01-08,美妆,1178.18,23.0,东北,老客
2024-01-08,,1289.92,41.0,西南,个人客户
2024-01-08,家居,1487.2,24.0,华南,企业客户
2024-01-08,家居,876.33,27.0,华南,企业客户
2024-01-08,服装,249.81,47.0,西南,新客
2024-01-08,美妆,538.36,29.0,华南,新客
2024-01-08,服装,254.82,45.0,华南,个人客户
2024-01-09,美妆,1788.58,29.0,华东,新客
2024-01-09,家居,1123.42,5.0,华东,企业客户
2024-01-09,食品,1241.61,32.0,西南,老客
2024-01-09,电子产品,1350.61,16.0,华东,老客
2024-01-09,食品,324.31,37.0,东北,老客
2024-01-09,家居,1073.95,45.0,华东,企业客户
2024-01-09,电子产品,814.31,14.0,东北,新客
2024-01-09,服装,67.38,5.0,华南,老客
2024-01-09,家居,1290.51,3.0,华北,新客
2024-01-10,家居,806.05,12.0,,企业客户
2024-01-10,电子产品,559.97,17.0,华北,个人客户
2024-01-10,服装,804.5,6.0,东北,企业客户
2024-01-10,食品,680.84,17.0,华北,新客
2024-01-10,电子产品,1466.7,21.0,东北,个人客户
2024-01-11,电子产品,350.75,14.0,华北,个人客户
2024-01-11,服装,310.79,17.0,华南,老客
2024-01-11,美妆,506.53,26.0,华东,老客
2024-01-11,电子产品,1565.65,13.0,华北,老客
2024-01-11,电子产品,981.97,4.0,华东,新客
2024-01-11,服装,480.68,9.0,东北,新客
2024-01-11,食品,471.35,17.0,华东,新客
2024-01-11,美妆,84.93,38.0,华东,老客
2024-01-11,食品,1138.53,33.0,华南,个人客户
2024-01-11,服装,1088.86,1.0,西南,企业客户
2024-01-11,美妆,1586.28,25.0,华南,企业客户
2024-01-12,美妆,1154.66,29.0,华北,老客
2024-01-12,美妆,1826.26,43.0,华南,个人客户
2024-01-12,食品,1919.67,46.0,华北,老客
2024-01-12,家居,637.1,33.0,华北,新客
2024-01-12,美妆,1678.18,8.0,西南,老客
2024-01-12,电子产品,1895.35,17.0,华北,老客
2024-01-12,食品,1869.02,28.0,华南,老客
2024-01-12,家居,792.32,16.0,华北,老客
2024-01-12,家居,622.64,8.0,华东,个人客户
2024-01-12,服装,215.33,15.0,华北,企业客户
2024-01-12,食品,-1546.82,11.0,西南,老客
2024-01-12,家居,995.0,7.0,华北,个人客户
2024-01-12,电子产品,712.46,33.0,西南,企业客户
2024-01-12,家居,869.33,50.0,西南,新客
2024-01-12,食品,1821.3,18.0,华东,老客
2024-01-12,食品,1902.77,47.0,东北,个人客户
2024-01-12,食品,1962.46,48.0,华东,新客
2024-01-12,食品,1743.67,41.0,东北,新客
2024-01-12,家居,771.07,35.0,华东,新客
2024-01-12,家居,1674.08,36.0,西南,个人客户
2024-01-13,电子产品,63.82,19.0,华北,个人客户
2024-01-13,电子产品,1314.06,4.0,华东,老客
2024-01-13,食品,1843.25,2.0,华北,新客
2024-01-13,电子产品,580.25,48.0,华东,老客
2024-01-13,家居,1894.09,12.0,华北,老客
2024-01-13,电子产品,1645.06,30.0,东北,个人客户
2024-01-13,食品,787.36,36.0,华东,企业客户
2024-01-13,美妆,1285.12,30.0,华东,企业客户
2024-01-13,家居,999.89,19.0,东北,企业客户
2024-01-13,电子产品,952.06,7.0,西南,企业客户
2024-01-13,家居,956.38,18.0,华南,新客
2024-01-14,电子产品,1612.59,26.0,华东,老客
2024-01-14,服装,1048.96,5.0,东北,老客
2024-01-14,食品,-1128.86,8.0,华北,企业客户
2024-01-14,家居,1556.56,47.0,西南,新客
2024-01-14,电子产品,518.78,37.0,华南,新客
2024-01-14,家居,1263.66,39.0,华东,老客
2024-01-14,美妆,405.42,19.0,华东,老客
2024-01-14,服装,1400.89,41.0,西南,企业客户
2024-01-14,服装,300.23,9.0,华东,个人客户
2024-01-14,美妆,1750.75,7.0,东北,企业客户
2024-01-15,食品,1093.55,4.0,华东,老客
2024-01-15,家居,1447.6,8.0,华南,老客
2024-01-15,家居,585.98,1.0,西南,个人客户
2024-01-15,服装,-616.81,50.0,华南,新客
2024-01-15,家居,1433.05,5.0,华东,个人客户
2024-01-15,服装,963.72,5.0,华北,企业客户
2024-01-15,美妆,406.4,15.0,华北,个人客户
2024-01-15,电子产品,761.92,21.0,东北,老客
2024-01-15,食品,40.61,15.0,华北,个人客户
2024-01-15,服装,720.15,30.0,华北,企业客户
2024-01-15,食品,1821.81,4.0,华东,老客
2024-01-15,食品,566.57,29.0,华北,企业客户
2024-01-15,美妆,549.56,8.0,华东,企业客户
2024-01-15,服装,1568.01,35.0,东北,老客
2024-01-16,美妆,503.0,31.0,西南,企业客户
2024-01-16,服装,1929.15,19.0,华北,新客
2024-01-16,美妆,1582.59,18.0,华东,老客
2024-01-16,食品,1103.23,49.0,华东,个人客户
2024-01-16,电子产品,678.66,17.0,华北,个人客户
2024-01-16,服装,1007.48,10.0,西南,个人客户
2024-01-16,家居,1347.59,25.0,华南,老客
2024-01-16,电子产品,1034.28,37.0,西南,企业客户
2024-01-17,家居,1910.3,40.0,西南,新客
2024-01-17,家居,1293.95,35.0,西南,企业客户
2024-01-17,美妆,1077.86,47.0,华南,新客
2024-01-17,服装,632.43,10.0,华北,企业客户
2024-01-17,家居,230.54,39.0,东北,个人客户
2024-01-17,家居,961.86,35.0,西南,个人客户
2024-01-17,食品,825.87,43.0,华东,老客
2024-01-18,家居,1255.58,10.0,华东,个人客户
2024-01-18,服装,751.66,29.0,东北,新客
2024-01-18,食品,1023.25,50.0,华东,企业客户
2024-01-18,电子产品,1164.7,34.0,华南,个人客户
2024-01-18,家居,649.22,22.0,东北,新客
2024-01-18,服装,1450.37,32.0,西南,企业客户
2024-01-18,电子产品,1979.94,37.0,华南,个人客户
2024-01-18,电子产品,-447.17,26.0,东北,新客
2024-01-18,美妆,1843.13,21.0,华东,新客
2024-01-19,美妆,1371.08,32.0,华南,个人客户
2024-01-19,家居,516.18,2.0,西南,个人客户
2024-01-19,家居,920.95,7.0,东北,个人客户
2024-01-19,家居,324.43,46.0,华北,企业客户
2024-01-20,食品,-46.63,40.0,华东,个人客户
2024-01-20,服装,1537.56,49.0,华东,个人客户
2024-01-20,食品,888.34,3.0,华北,新客
2024-01-20,电子产品,1955.19,40.0,东北,老客
2024-01-20,食品,1018.7,27.0,西南,个人客户
2024-01-20,电子产品,279.84,31.0,华北,新客
2024-01-20,家居,1403.88,11.0,西南,个人客户
2024-01-20,服装,1518.64,34.0,华东,个人客户
2024-01-20,电子产品,1525.32,39.0,华北,老客
2024-01-20,家居,1933.67,36.0,华北,企业客户
2024-01-20,家居,467.86,1.0,华东,新客
2024-01-20,家居,147.65,9.0,华东,新客
2024-01-20,电子产品,1343.07,27.0,华南,个人客户
2024-01-21,服装,882.08,39.0,华北,新客
2024-01-21,美妆,687.49,17.0,华南,老客
2024-01-21,电子产品,1710.8,33.0,东北,个人客户
2024-01-21,食品,1228.45,5.0,西南,个人客户
2024-01-21,服装,204.72,14.0,华南,个人客户
2024-01-21,电子产品,-375.24,46.0,东北,新客
2024-01-21,家居,1606.5,6.0,西南,老客
2024-01-21,家居,1454.5,40.0,东北,新客
2024-01-21,电子产品,982.26,49.0,东北,个人客户
2024-01-21,食品,895.9,48.0,西南,个人客户
2024-01-21,服装,899.38,48.0,西南,老客
2024-01-21,美妆,1586.17,5.0,华南,老客
2024-01-22,服装,1216.92,28.0,东北,新客
2024-01-22,美妆,108.13,13.0,东北,老客
2024-01-22,服装,1199.18,32.0,西南,老客
2024-01-22,家居,1712.06,32.0,华东,老客
2024-01-22,美妆,1828.42,8.0,华东,个人客户
2024-01-22,服装,1047.27,38.0,华东,老客
2024-01-22,美妆,780.49,40.0,华南,老客
2024-01-22,家居,499.74,9.0,西南,新客
2024-01-22,电子产品,1558.56,24.0,华北,老客
2024-01-22,食品,172.19,17.0,华南,新客
2024-01-23,电子产品,479.8,12.0,西南,个人客户
2024-01-23,美妆,1009.84,22.0,华东,企业客户
2024-01-23,服装,1240.48,21.0,华北,企业客户
2024-01-23,美妆,1214.57,24.0,华南,老客
2024-01-23,家居,1673.76,10.0,华东,企业客户
2024-01-23,食品,1569.51,27.0,华东,个人客户
2024-01-23,服装,845.57,11.0,华北,个人客户
2024-01-23,美妆,1183.19,35.0,华南,新客
2024-01-23,美妆,249.65,39.0,华东,新客
2024-01-23,家居,912.59,37.0,东北,老客
2024-01-24,美妆,1950.95,34.0,东北,企业客户
2024-01-24,食品,1235.98,32.0,华东,企业客户
2024-01-24,电子产品,1662.22,18.0,西南,企业客户
2024-01-24,服装,820.71,20.0,东北,新客
2024-01-24,食品,-630.37,49.0,华北,企业客户
2024-01-24,电子产品,1211.29,34.0,西南,企业客户
2024-01-24,美妆,654.7,37.0,东北,老客
2024-01-24,家居,639.59,41.0,华南,老客
2024-01-25,食品,1593.9,36.0,华北,个人客户
2024-01-25,食品,313.74,6.0,东北,老客
2024-01-25,食品,841.86,18.0,华北,新客
2024-01-25,美妆,1795.09,7.0,东北,个人客户
2024-01-25,家居,368.82,5.0,东北,企业客户
2024-01-25,服装,757.84,36.0,华东,新客
2024-01-25,电子产品,1782.78,9.0,华南,新客
2024-01-25,电子产品,958.27,8.0,东北,新客
2024-01-26,美妆,1031.14,36.0,东北,个人客户
2024-01-26,家居,1295.79,19.0,华北,老客
2024-01-26,美妆,1581.69,42.0,华南,个人客户
2024-01-26,食品,1377.29,15.0,华北,新客
2024-01-26,美妆,1433.26,12.0,西南,企业客户
2024-01-26,美妆,554.55,45.0,华南,老客
2024-01-27,家居,333.25,5.0,华南,老客
2024-01-27,电子产品,296.79,4.0,华南,个人客户
2024-01-27,电子产品,1741.27,11.0,西南,老客
2024-01-27,食品,1243.04,8.0,华东,老客
2024-01-28,家居,1846.53,13.0,西南,新客
2024-01-28,美妆,1185.97,6.0,西南,新客
2024-01-28,美妆,377.23,11.0,华东,老客
2024-01-28,美妆,1378.04,6.0,华北,老客
2024-01-28,家居,337.63,47.0,东北,老客
2024-01-28,食品,327.79,39.0,华南,新客
2024-01-28,电子产品,1198.45,38.0,华南,个人客户
2024-01-28,家居,95.3,12.0,华东,企业客户
2024-01-28,电子产品,1591.33,37.0,华东,企业客户
2024-01-28,家居,396.61,9.0,西南,个人客户
2024-01-28,美妆,1959.11,6.0,西南,新客
2024-01-28,食品,943.62,29.0,华南,个人客户
2024-01-28,家居,496.31,12.0,华北,企业客户
2024-01-28,电子产品,370.67,10.0,东北,个人客户
2024-01-28,食品,685.84,41.0,华北,新客
2024-01-29,美妆,1364.55,50.0,华东,新客
2024-01-29,电子产品,1324.6,9.0,华南,企业客户
2024-01-29,服装,373.67,50.0,西南,老客
2024-01-29,服装,1768.55,35.0,华东,新客
2024-01-29,服装,933.26,19.0,华北,个人客户
2024-01-29,美妆,634.84,45.0,东北,新客
2024-01-29,服装,1632.45,13.0,华东,个人客户
2024-01-29,服装,1613.18,13.0,东北,新客
2024-01-29,食品,1913.8,23.0,华东,新客
2024-01-29,食品,1919.98,10.0,华东,新客
2024-01-29,电子产品,1839.98,29.0,西南,老客
2024-01-30,服装,78.41,15.0,华东,个人客户
2024-01-30,服装,29.38,43.0,华北,个人客户
2024-01-30,食品,924.75,44.0,西南,个人客户
2024-01-30,食品,1879.15,29.0,西南,企业客户
2024-01-30,服装,859.88,41.0,东北,老客
2024-01-30,食品,272.29,25.0,东北,企业客户
2024-01-30,服装,149.62,24.0,华南,个人客户
2024-01-30,食品,74.85,30.0,西南,老客
2024-01-30,电子产品,949.76,23.0,西南,老客
2024-01-30,食品,1089.67,2.0,东北,新客
2024-01-30,食品,1508.05,46.0,华东,新客
2024-01-31,家居,1217.28,43.0,东北,个人客户
2024-01-31,服装,-1499.09,9.0,西南,个人客户
2024-01-31,家居,154.06,34.0,东北,企业客户
2024-01-31,家居,1358.11,40.0,华东,企业客户
2024-01-31,电子产品,1921.66,40.0,华北,企业客户
2024-01-31,美妆,468.9,1.0,西南,企业客户
2024-01-31,家居,642.83,29.0,西南,企业客户
2024-01-31,食品,1619.04,46.0,东北,企业客户
2024-02-01,美妆,640.55,48.0,西南,个人客户
2024-02-01,服装,573.35,24.0,西南,老客
2024-02-01,电子产品,1355.34,45.0,华南,个人客户
2024-02-01,家居,889.43,50.0,华东,个人客户
2024-02-01,服装,959.3,14.0,华东,新客
2024-02-01,美妆,1344.21,15.0,华东,老客
2024-02-01,家居,1374.28,5.0,华北,企业客户
2024-02-02,家居,1077.56,38.0,东北,企业客户
2024-02-02,家居,297.64,49.0,华东,企业客户
2024-02-02,服装,1010.0,4.0,华北,老客
2024-02-02,服装,1379.58,43.0,华南,个人客户
2024-02-02,美妆,272.31,15.0,东北,新客
2024-02-02,美妆,1285.05,7.0,华东,个人客户
2024-02-02,美妆,1321.89,21.0,东北,老客
2024-02-03,电子产品,1854.56,48.0,东北,企业客户
2024-02-03,美妆,63.39,11.0,华东,新客
2024-02-03,服装,1307.17,33.0,东北,新客
2024-02-03,家居,399.53,45.0,华北,新客
2024-02-03,食品,626.86,15.0,西南,新客
2024-02-03,电子产品,1823.21,8.0,东北,个人客户
2024-02-04,服装,407.52,1.0,华东,新客
2024-02-04,美妆,754.6,27.0,东北,个人客户
2024-02-04,家居,1905.92,32.0,西南,个人客户
2024-02-04,美妆,1701.79,35.0,华北,老客
2024-02-04,食品,667.68,44.0,西南,老客
2024-02-04,食品,524.89,42.0,华东,老客
2024-02-04,家居,1291.64,30.0,东北,老客
2024-02-04,美妆,1213.0,20.0,东北,新客
2024-02-04,服装,946.68,8.0,华北,个人客户
2024-02-05,美妆,1781.66,34.0,华北,个人客户
2024-02-05,服装,1374.42,9.0,华北,个人客户
2024-02-05,美妆,475.38,42.0,华北,个人客户
2024-02-05,食品,154.65,24.0,西南,个人客户
2024-02-05,电子产品,200.0,8.0,华南,个人客户
2024-02-05,电子产品,1808.45,49.0,华南,个人客户
2024-02-05,电子产品,1468.63,23.0,华东,个人客户
2024-02-05,服装,1648.43,26.0,华南,老客
2024-02-05,美妆,1958.02,37.0,华东,老客
2024-02-05,服装,1781.46,15.0,华北,新客
2024-02-05,食品,1403.16,31.0,西南,新客
2024-02-06,美妆,214.54,44.0,华南,个人客户
2024-02-06,家居,1338.74,22.0,华东,个人客户
2024-02-06,美妆,404.92,49.0,华北,企业客户
2024-02-06,电子产品,632.89,32.0,华东,老客
2024-02-06,家居,979.83,9.0,东北,企业客户
2024-02-06,美妆,1113.28,49.0,华南,企业客户
2024-02-06,服装,204.19,34.0,西南,新客
2024-02-06,电子产品,1374.95,25.0,华东,企业客户
2024-02-06,美妆,832.54,15.0,西南,个人客户
2024-02-06,美妆,172.59,27.0,华南,个人客户
2024-02-06,家居,634.26,9.0,东北,企业客户
2024-02-07,食品,873.58,23.0,西南,个人客户
2024-02-07,家居,504.79,40.0,华东,老客
2024-02-07,服装,1612.63,48.0,华东,新客
2024-02-07,服装,1212.26,1.0,华东,企业客户
2024-02-07,服装,1089.63,8.0,华东,个人客户
2024-02-07,服装,711.06,3.0,东北,新客
2024-02-07,电子产品,379.54,35.0,东北,企业客户
2024-02-07,电子产品,1643.87,22.0,华东,新客
2024-02-07,家居,1535.56,27.0,华北,老客
2024-02-07,电子产品,212.2,9.0,西南,老客
2024-02-07,服装,63.2,10.0,西南,老客
2024-02-07,食品,102.82,3.0,华北,个人客户
2024-02-07,服装,776.4,39.0,西南,新客
2024-02-08,家居,1711.88,8.0,华南,老客
2024-02-08,电子产品,1921.48,36.0,西南,个人客户
2024-02-08,美妆,1832.1,19.0,华北,新客
2024-02-08,家居,416.59,37.0,西南,个人客户
2024-02-08,美妆,748.48,8.0,华东,老客
2024-02-08,美妆,663.93,43.0,东北,老客
2024-02-08,电子产品,819.91,8.0,华南,老客
2024-02-08,电子产品,628.97,24.0,东北,新客
2024-02-08,服装,310.25,25.0,西南,老客
2024-02-08,食品,-1021.35,4.0,东北,老客
2024-02-08,家居,411.56,26.0,华南,新客
2024-02-08,家居,382.62,17.0,华南,老客
2024-02-08,食品,1040.7,40.0,华北,个人客户
2024-02-09,美妆,1666.06,11.0,西南,企业客户
2024-02-09,家居,1579.81,2.0,东北,个人客户
2024-02-09,服装,1761.3,10.0,华北,个人客户
2024-02-09,服装,308.12,21.0,东北,企业客户
2024-02-09,家居,399.97,11.0,华南,个人客户
2024-02-09,家居,1841.6,43.0,东北,老客
2024-02-09,服装,1587.1,32.0,华南,新客
2024-02-09,食品,389.98,50.0,华东,新客
2024-02-09,家居,1864.55,20.0,华南,个人客户
2024-02-09,家居,931.26,30.0,华北,企业客户
2024-02-09,电子产品,1243.32,18.0,西南,老客
2024-02-09,服装,1572.1,48.0,西南,新客
2024-02-09,食品,1567.42,22.0,东北,老客
2024-02-09,食品,741.7,28.0,华南,企业客户
2024-02-10,食品,1338.26,7.0,华东,新客
2024-02-10,服装,978.82,22.0,东北,个人客户
2024-02-10,家居,21.34,13.0,华南,新客
2024-02-10,家居,794.94,38.0,西南,新客
2024-02-10,电子产品,1440.26,43.0,华南,老客
2024-02-10,家居,320.99,8.0,东北,老客
2024-02-10,家居,949.19,11.0,华东,老客
2024-02-10,食品,1513.26,22.0,华南,新客
2024-02-10,家居,623.39,44.0,华北,个人客户
2024-02-11,家居,309.35,45.0,华南,新客
2024-02-11,服装,326.02,13.0,东北,企业客户
2024-02-11,食品,1424.48,34.0,华北,企业客户
2024-02-11,家居,1270.08,3.0,华北,企业客户
2024-02-12,服装,1324.05,12.0,华北,新客
2024-02-12,美妆,1551.17,1.0,华东,个人客户
2024-02-12,电子产品,189.7,18.0,华东,新客
2024-02-12,电子产品,1563.51,40.0,东北,新客
2024-02-12,服装,1720.7,49.0,华南,老客
2024-02-12,食品,1970.91,30.0,华北,老客
2024-02-12,家居,1838.05,2.0,华南,个人客户
2024-02-12,美妆,1486.17,12.0,东北,个人客户
2024-02-13,美妆,1294.83,33.0,华北,新客
2024-02-13,电子产品,1175.24,9.0,华北,个人客户
2024-02-13,电子产品,1083.51,14.0,东北,老客
2024-02-13,美妆,1766.22,15.0,华南,企业客户
2024-02-13,家居,718.73,30.0,华北,老客
2024-02-13,家居,616.24,10.0,华东,个人客户
2024-02-13,食品,1414.03,37.0,华北,企业客户
2024-02-13,服装,389.07,13.0,西南,个人客户
2024-02-13,服装,1169.68,43.0,东北,新客
2024-02-13,食品,1180.63,29.0,东北,个人客户
2024-02-13,服装,1221.84,19.0,华东,老客
2024-02-14,食品,1577.3,34.0,东北,新客
2024-02-14,家居,1407.53,12.0,东北,企业客户
2024-02-14,家居,1421.09,34.0,东北,个人客户
2024-02-14,服装,1249.33,35.0,华南,新客
2024-02-14,美妆,1497.02,50.0,华南,老客
2024-02-14,食品,182.31,9.0,东北,个人客户
2024-02-14,食品,1193.19,38.0,华东,新客
2024-02-14,电子产品,1525.23,12.0,西南,老客
2024-02-14,服装,1931.29,24.0,华东,个人客户
2024-02-14,家居,938.03,19.0,西南,老客
2024-02-15,食品,121.59,20.0,西南,新客
2024-02-15,服装,1140.31,48.0,西南,新客
2024-02-15,电子产品,1237.2,35.0,东北,企业客户
2024-02-15,电子产品,1914.12,11.0,华北,企业客户
2024-02-15,家居,342.06,25.0,华北,老客
2024-02-15,电子产品,152.76,20.0,华南,个人客户
2024-02-16,服装,1019.29,35.0,东北,老客
2024-02-16,美妆,387.6,41.0,华东,个人客户
2024-02-16,服装,-1276.57,11.0,西南,新客
2024-02-16,食品,197.46,27.0,华南,企业客户
2024-02-16,家居,720.92,33.0,华北,新客
2024-02-16,电子产品,1202.29,50.0,华北,企业客户
2024-02-16,家居,883.05,6.0,西南,新客
2024-02-16,服装,61.67,12.0,西南,个人客户
2024-02-16,家居,718.17,28.0,西南,老客
2024-02-17,美妆,1122.83,27.0,华东,企业客户
2024-02-17,电子产品,912.98,23.0,华东,老客
2024-02-17,服装,965.36,1.0,华北,老客
2024-02-17,电子产品,33.32,5.0,华北,企业客户
2024-02-17,家居,1617.84,50.0,东北,老客
2024-02-18,食品,857.73,37.0,华东,个人客户
2024-02-18,食品,414.46,17.0,西南,新客
2024-02-18,服装,51.45,2.0,华南,老客
2024-02-18,美妆,1183.42,14.0,西南,个人客户
2024-02-18,美妆,986.67,1.0,西南,企业客户
2024-02-18,服装,1101.25,39.0,西南,个人客户
2024-02-18,家居,1252.82,41.0,西南,企业客户
2024-02-18,电子产品,374.43,13.0,西南,新客
2024-02-18,美妆,1628.32,1.0,华东,新客
2024-02-18,电子产品,81.57,14.0,华南,企业客户
2024-02-18,家居,1496.92,45.0,东北,新客
2024-02-18,美妆,1117.14,17.0,华北,新客
2024-02-18,电子产品,1162.14,24.0,华北,企业客户
2024-02-19,电子产品,458.61,49.0,华北,新客
2024-02-19,电子产品,145.08,43.0,华南,个人客户
2024-02-19,电子产品,371.3,12.0,华南,企业客户
2024-02-19,电子产品,819.83,17.0,华南,老客
2024-02-19,服装,713.81,18.0,华南,老客
2024-02-19,家居,1737.65,34.0,华北,老客
2024-02-19,美妆,1081.19,33.0,华南,个人客户
2024-02-19,电子产品,1105.06,9.0,华北,企业客户
2024-02-19,食品,339.53,47.0,华南,个人客户
2024-02-19,服装,1018.18,25.0,西南,企业客户
2024-02-19,美妆,864.08,13.0,华东,企业客户
2024-02-19,家居,1806.5,29.0,东北,企业客户
2024-02-20,电子产品,288.27,26.0,华北,老客
2024-02-20,服装,772.08,32.0,东北,新客
2024-02-20,服装,1288.3,5.0,华北,个人客户
2024-02-20,家居,539.46,34.0,华北,老客
2024-02-20,服装,1000.69,31.0,华北,企业客户
2024-02-20,食品,364.81,47.0,华南,新客
2024-02-21,家居,1118.4,13.0,华南,企业客户
2024-02-21,家居,1626.81,21.0,华东,个人客户
2024-02-21,服装,1666.37,23.0,西南,新客
2024-02-21,食品,84.09,6.0,东北,企业客户
2024-02-21,家居,131.73,10.0,华北,企业客户
2024-02-21,服装,844.3,20.0,华北,企业客户
2024-02-21,电子产品,772.43,45.0,华北,老客
2024-02-21,家居,488.74,2.0,华北,新客
2024-02-21,家居,1566.23,15.0,华北,个人客户
2024-02-21,食品,1575.35,44.0,华北,个人客户
2024-02-21,食品,1439.01,24.0,华东,新客
2024-02-21,家居,513.99,4.0,华北,个人客户
2024-02-21,服装,1854.59,6.0,华东,企业客户
2024-02-21,食品,644.88,33.0,西南,老客
2024-02-21,电子产品,1544.89,10.0,华东,个人客户
2024-02-22,家居,146.14,13.0,西南,企业客户
2024-02-22,美妆,1686.02,15.0,华北,个人客户
2024-02-22,食品,416.05,2.0,华东,个人客户
2024-02-22,食品,1015.48,11.0,东北,新客
2024-02-22,食品,1258.12,40.0,华北,企业客户
2024-02-22,家居,985.91,28.0,东北,新客
2024-02-22,食品,645.49,7.0,华南,老客
2024-02-22,家居,70.06,6.0,华北,老客
2024-02-22,美妆,791.16,45.0,华东,老客
2024-02-23,食品,1328.69,40.0,西南,个人客户
2024-02-23,服装,1797.25,39.0,华南,企业客户
2024-02-23,食品,154.23,7.0,华东,企业客户
2024-02-23,服装,989.83,6.0,华南,老客
2024-02-23,电子产品,946.02,8.0,东北,个人客户
2024-02-23,美妆,1527.97,21.0,华北,老客
2024-02-23,电子产品,175.64,5.0,华东,老客
2024-02-24,美妆,1031.38,38.0,华北,个人客户
2024-02-24,食品,675.51,14.0,东北,老客
2024-02-24,食品,1892.07,46.0,华南,老客
2024-02-24,家居,1651.34,18.0,东北,老客
2024-02-24,美妆,1112.16,35.0,西南,个人客户
2024-02-25,服装,931.49,20.0,华南,个人客户
2024-02-25,食品,366.81,29.0,西南,新客
2024-02-25,美妆,37.55,30.0,东北,新客
2024-02-25,服装,552.77,32.0,华南,个人客户
2024-02-25,电子产品,686.46,25.0,华东,新客
2024-02-25,食品,1206.51,50.0,华北,企业客户
2024-02-25,服装,1723.51,32.0,西南,新客
2024-02-26,电子产品,520.43,12.0,东北,企业客户
2024-02-26,服装,160.33,42.0,西南,企业客户
2024-02-26,美妆,105.86,20.0,西南,企业客户
2024-02-26,家居,1278.1,45.0,华北,老客
2024-02-26,服装,1080.13,47.0,西南,新客
2024-02-26,服装,284.47,30.0,东北,新客
2024-02-26,电子产品,1771.57,27.0,华东,老客
2024-02-26,食品,1764.17,27.0,西南,新客
2024-02-26,美妆,352.9,41.0,华东,个人客户
2024-02-26,食品,1493.54,27.0,华北,新客
2024-02-26,美妆,1215.2,11.0,东北,个人客户
2024-02-26,美妆,1792.22,18.0,华南,企业客户
2024-02-26,美妆,52.12,38.0,东北,老客
2024-02-26,电子产品,551.66,11.0,华南,企业客户
2024-02-26,电子产品,227.91,12.0,东北,新客
2024-02-27,食品,1187.41,9.0,西南,企业客户
2024-02-27,美妆,100.73,10.0,华北,企业客户
2024-02-27,食品,718.74,32.0,西南,企业客户
2024-02-27,服装,1818.65,5.0,华东,个人客户
2024-02-27,家居,353.05,37.0,西南,企业客户
2024-02-27,电子产品,-662.73,40.0,华北,老客
2024-02-27,服装,292.85,25.0,华东,老客
2024-02-27,家居,1372.41,15.0,西南,企业客户
2024-02-27,食品,591.19,39.0,华东,个人客户
2024-02-27,电子产品,596.13,6.0,华北,个人客户
2024-02-27,食品,1793.49,24.0,西南,个人客户
2024-02-27,美妆,272.11,33.0,西南,个人客户
2024-02-27,美妆,1995.67,47.0,西南,企业客户
2024-02-28,服装,1657.03,35.0,华南,老客
2024-02-28,电子产品,1833.38,40.0,东北,企业客户
2024-02-28,食品,1771.07,14.0,东北,企业客户
2024-02-28,食品,1824.97,31.0,华南,个人客户
2024-02-28,服装,1970.74,7.0,西南,新客
2024-02-29,电子产品,1090.27,15.0,华北,新客
2024-02-29,食品,1048.85,27.0,东北,新客
2024-02-29,电子产品,760.17,8.0,华东,个人客户
2024-02-29,美妆,694.37,39.0,西南,新客
2024-02-29,食品,1215.25,36.0,华北,个人客户
2024-02-29,家居,731.34,9.0,东北,老客
2024-02-29,美妆,1579.9,43.0,华南,老客
2024-03-01,,884.37,10.0,东北,新客
2024-03-01,美妆,653.02,6.0,华南,个人客户
2024-03-01,电子产品,1352.15,1.0,华东,新客
2024-03-01,服装,181.58,2.0,华北,企业客户
2024-03-01,家居,1149.32,5.0,西南,新客
2024-03-01,家居,1204.19,48.0,华北,个人客户
2024-03-01,美妆,1345.82,32.0,华东,老客
2024-03-01,家居,745.33,37.0,华东,个人客户
2024-03-01,美妆,981.12,9.0,东北,老客
2024-03-01,美妆,1423.56,36.0,华东,企业客户
2024-03-01,服装,1843.44,48.0,华东,老客
2024-03-01,美妆,1884.36,16.0,东北,企业客户
2024-03-01,美妆,1978.22,46.0,东北,个人客户
2024-03-01,美妆,721.52,43.0,,企业客户
2024-03-02,家居,1511.1,14.0,华南,新客
2024-03-02,家居,325.2,25.0,华东,老客
2024-03-02,美妆,881.68,25.0,西南,个人客户
2024-03-02,美妆,1351.77,27.0,西南,企业客户
2024-03-02,食品,1062.38,18.0,西南,企业客户
2024-03-03,电子产品,435.97,22.0,华东,老客
2024-03-03,美妆,771.32,15.0,华北,企业客户
2024-03-03,家居,276.84,31.0,华东,企业客户
2024-03-03,食品,62.55,7.0,华东,个人客户
2024-03-03,家居,1717.91,29.0,西南,个人客户
2024-03-04,服装,1042.57,50.0,华北,老客
2024-03-04,服装,60.35,16.0,华南,老客
2024-03-04,服装,327.14,47.0,华东,企业客户
2024-03-04,食品,1571.75,30.0,华北,个人客户
2024-03-04,电子产品,435.75,1.0,华北,新客
2024-03-04,美妆,169.26,7.0,华东,企业客户
2024-03-04,服装,1761.28,24.0,西南,新客
2024-03-04,美妆,958.01,29.0,西南,企业客户
2024-03-04,家居,869.73,46.0,华东,个人客户
2024-03-04,美妆,1556.91,48.0,西南,新客
2024-03-05,食品,678.95,42.0,西南,老客
2024-03-05,家居,1210.68,41.0,华南,新客
2024-03-05,美妆,1081.49,24.0,东北,新客
2024-03-05,食品,772.7,41.0,华南,新客
2024-03-05,电子产品,617.26,49.0,华东,企业客户
2024-03-05,食品,1448.14,8.0,东北,个人客户
2024-03-05,电子产品,1659.94,50.0,华南,老客
2024-03-06,食品,1889.49,48.0,华北,企业客户
2024-03-06,服装,1306.54,26.0,西南,企业客户
2024-03-06,服装,-240.87,38.0,华南,老客
2024-03-06,家居,1267.13,48.0,华北,新客
2024-03-06,服装,1335.98,48.0,华南,新客
2024-03-06,美妆,973.17,29.0,华南,个人客户
2024-03-06,家居,1930.8,6.0,华东,个人客户
2024-03-06,美妆,1328.18,6.0,西南,新客
2024-03-07,电子产品,962.56,24.0,东北,企业客户
2024-03-07,家居,364.26,29.0,东北,个人客户
2024-03-07,美妆,1622.77,35.0,华东,企业客户
2024-03-07,食品,995.82,30.0,华南,企业客户
2024-03-07,食品,1383.92,2.0,西南,企业客户
2024-03-07,食品,540.44,31.0,东北,新客
2024-03-07,家居,126.41,22.0,华北,个人客户
2024-03-07,美妆,131.9,2.0,华东,个人客户
2024-03-08,食品,253.28,42.0,东北,新客
2024-03-08,服装,330.97,,华东,个人客户
2024-03-08,电子产品,1161.77,32.0,西南,新客
2024-03-08,美妆,919.08,25.0,华南,企业客户
2024-03-08,服装,1013.61,49.0,华南,老客
2024-03-08,服装,421.48,40.0,华北,个人客户
2024-03-08,服装,1837.86,14.0,华南,企业客户
2024-03-08,服装,741.74,21.0,东北,新客
2024-03-08,家居,83.9,17.0,华南,新客
2024-03-09,家居,988.35,44.0,华南,新客
2024-03-09,美妆,1752.01,33.0,华南,新客
2024-03-09,食品,1299.16,44.0,东北,个人客户
2024-03-09,家居,1781.83,4.0,东北,新客
2024-03-09,电子产品,253.75,22.0,西南,新客
2024-03-09,家居,1861.43,45.0,华北,企业客户
2024-03-09,食品,1650.1,35.0,华东,老客
2024-03-09,电子产品,1586.65,49.0,华南,老客
2024-03-09,美妆,660.36,6.0,华东,老客
2024-03-09,服装,558.49,16.0,西南,企业客户
2024-03-09,家居,1514.98,35.0,西南,新客
2024-03-10,食品,1330.23,46.0,华东,企业客户
2024-03-10,食品,1279.77,4.0,华北,新客
2024-03-10,食品,631.79,23.0,华东,个人客户
2024-03-10,美妆,1120.51,49.0,华南,个人客户
2024-03-10,家居,1606.35,28.0,华南,新客
2024-03-10,食品,928.98,10.0,华北,企业客户
2024-03-10,美妆,1232.75,14.0,华东,新客
2024-03-10,服装,912.09,23.0,东北,老客
2024-03-10,食品,77.47,43.0,西南,个人客户
2024-03-11,家居,610.71,27.0,东北,个人客户
2024-03-11,家居,997.36,7.0,华东,个人客户
2024-03-11,电子产品,780.42,9.0,东北,企业客户
2024-03-11,电子产品,275.29,37.0,华东,个人客户
2024-03-11,电子产品,1895.76,46.0,东北,老客
2024-03-11,服装,265.7,39.0,华北,老客
2024-03-11,电子产品,1796.72,10.0,华南,个人客户
2024-03-11,电子产品,304.66,41.0,东北,企业客户
2024-03-11,家居,1248.04,26.0,西南,企业客户
2024-03-11,电子产品,733.66,24.0,华南,企业客户
2024-03-11,食品,1711.74,33.0,华北,企业客户
2024-03-11,美妆,411.61,30.0,华北,个人客户
2024-03-11,服装,1052.17,18.0,西南,企业客户
2024-03-11,家居,261.88,6.0,华南,企业客户
2024-03-11,美妆,1941.84,48.0,华北,老客
2024-03-11,家居,1244.12,3.0,西南,新客
2024-03-12,美妆,998.14,13.0,东北,个人客户
2024-03-12,食品,1853.95,17.0,东北,新客
2024-03-12,服装,708.72,33.0,东北,个人客户
2024-03-12,电子产品,1902.92,16.0,东北,新客
2024-03-12,服装,1079.74,7.0,西南,个人客户
2024-03-12,食品,465.24,50.0,华北,个人客户
2024-03-12,家居,1938.91,19.0,西南,老客
2024-03-12,服装,1467.11,6.0,华北,新客
2024-03-12,美妆,850.08,16.0,东北,企业客户
2024-03-12,电子产品,750.58,14.0,西南,新客
2024-03-12,美妆,437.48,21.0,华北,新客
2024-03-12,食品,1934.44,23.0,东北,老客
2024-03-13,服装,230.8,39.0,华东,新客
2024-03-13,美妆,1553.44,4.0,华北,企业客户
2024-03-13,家居,1015.76,11.0,华南,个人客户
2024-03-13,美妆,1013.95,10.0,华东,新客
2024-03-13,家居,1150.91,34.0,华南,老客
2024-03-13,美妆,1633.86,44.0,华南,老客
2024-03-13,服装,228.35,17.0,华南,新客
2024-03-13,家居,1352.92,50.0,西南,企业客户
2024-03-13,电子产品,75.73,9.0,华北,新客
2024-03-14,电子产品,1148.81,49.0,华东,老客
2024-03-14,家居,-1630.05,12.0,华东,企业客户
2024-03-14,食品,475.63,15.0,华南,新客
2024-03-14,服装,1914.06,41.0,华北,老客
2024-03-14,服装,367.21,11.0,华南,企业客户
2024-03-15,家居,156.93,44.0,西南,个人客户
2024-03-15,家居,1731.04,16.0,华南,新客
2024-03-15,食品,313.32,9.0,华北,企业客户
2024-03-15,家居,990.64,39.0,华北,老客
2024-03-15,电子产品,158.56,24.0,东北,企业客户
2024-03-15,服装,1164.3,14.0,华北,新客
2024-03-15,电子产品,867.36,31.0,华北,个人客户
2024-03-15,食品,313.06,6.0,西南,企业客户
2024-03-15,服装,1705.7,24.0,东北,个人客户
2024-03-16,食品,574.63,23.0,华东,企业客户
2024-03-16,食品,-101.09,38.0,华东,企业客户
2024-03-16,家居,1257.68,13.0,华东,企业客户
2024-03-16,电子产品,1924.22,47.0,华南,新客
2024-03-16,美妆,24.42,26.0,华南,新客
2024-03-16,电子产品,375.29,46.0,东北,个人客户
2024-03-16,电子产品,337.42,19.0,华南,企业客户
2024-03-16,家居,1009.67,10.0,东北,新客
2024-03-16,家居,1775.18,10.0,华东,个人客户
2024-03-16,电子产品,253.21,41.0,东北,企业客户
2024-03-16,食品,1244.67,37.0,华南,企业客户
2024-03-17,美妆,1362.83,35.0,华东,个人客户
2024-03-17,电子产品,1408.92,24.0,华东,企业客户
2024-03-17,家居,1168.25,10.0,西南,老客
2024-03-17,食品,52.94,44.0,华东,老客
2024-03-17,服装,1859.4,49.0,东北,企业客户
2024-03-17,服装,816.01,40.0,华东,企业客户
2024-03-17,食品,762.33,28.0,东北,老客
2024-03-17,服装,1025.17,10.0,华北,个人客户
2024-03-17,食品,860.13,30.0,华北,个人客户
2024-03-17,服装,1965.74,35.0,华北,老客
2024-03-18,电子产品,1271.9,24.0,东北,新客
2024-03-18,家居,363.14,44.0,华北,个人客户
2024-03-18,美妆,1956.92,18.0,华东,新客
2024-03-18,家居,1613.28,20.0,西南,企业客户
2024-03-18,服装,-1969.1,21.0,华东,新客
2024-03-18,服装,75.4,10.0,东北,老客
2024-03-19,电子产品,299.84,35.0,西南,新客
2024-03-19,家居,446.85,1.0,华东,新客
2024-03-19,家居,1738.16,42.0,西南,老客
2024-03-19,电子产品,1204.45,50.0,西南,个人客户
2024-03-19,家居,1515.36,,华东,企业客户
2024-03-19,食品,690.39,44.0,东北,老客
2024-03-19,服装,766.62,24.0,华北,企业客户
2024-03-20,服装,1518.95,2.0,华东,新客
2024-03-20,电子产品,1258.08,31.0,西南,企业客户
2024-03-20,电子产品,1113.46,15.0,华东,老客
2024-03-20,服装,1843.43,35.0,华北,老客
2024-03-20,服装,1573.05,24.0,东北,老客
2024-03-21,食品,1993.76,27.0,西南,新客
2024-03-21,服装,-430.17,49.0,西南,企业客户
2024-03-21,家居,1155.33,19.0,华东,老客
2024-03-21,电子产品,1276.66,47.0,华南,企业客户
2024-03-21,食品,1376.23,18.0,华北,企业客户
2024-03-21,电子产品,95.95,46.0,东北,新客
2024-03-21,服装,1081.13,29.0,华北,老客
2024-03-21,食品,35.65,34.0,东北,个人客户
2024-03-21,家居,1805.64,18.0,东北,新客
2024-03-21,食品,378.59,49.0,华东,企业客户
2024-03-22,美妆,1158.78,23.0,华南,老客
2024-03-22,美妆,792.8,7.0,西南,企业客户
2024-03-22,食品,892.96,12.0,华南,企业客户
2024-03-22,电子产品,1772.93,46.0,华北,老客
2024-03-22,家居,1621.88,26.0,华北,企业客户
2024-03-22,食品,1348.83,10.0,华南,新客
2024-03-23,食品,1718.31,27.0,西南,新客
2024-03-23,电子产品,1884.32,4.0,华南,个人客户
2024-03-23,食品,1140.71,20.0,华南,新客
2024-03-23,美妆,1169.83,40.0,西南,企业客户
2024-03-23,电子产品,1589.71,23.0,东北,老客
2024-03-23,食品,150.05,40.0,东北,新客
2024-03-23,电子产品,845.21,13.0,西南,个人客户
2024-03-23,食品,265.35,36.0,西南,新客
2024-03-24,家居,1896.28,45.0,华北,企业客户
2024-03-24,家居,733.37,42.0,华北,老客
2024-03-24,美妆,945.04,18.0,东北,老客
2024-03-24,食品,1266.33,9.0,东北,老客
2024-03-24,食品,1432.34,25.0,华东,新客
2024-03-24,美妆,1597.89,26.0,东北,老客
2024-03-24,食品,1761.69,49.0,西南,新客
2024-03-24,家居,683.97,41.0,东北,企业客户
2024-03-24,食品,1428.09,26.0,东北,企业客户
2024-03-25,服装,951.59,27.0,华东,老客
2024-03-25,服装,119.69,36.0,西南,老客
2024-03-25,服装,1819.58,30.0,华东,企业客户
2024-03-25,食品,936.44,50.0,华北,老客
2024-03-25,美妆,872.62,9.0,华北,新客
2024-03-25,食品,1805.67,41.0,东北,个人客户
2024-03-25,食品,1778.3,5.0,华南,新客
2024-03-25,家居,1721.5,21.0,西南,企业客户
2024-03-25,电子产品,-1389.85,39.0,西南,企业客户
2024-03-25,食品,1675.87,6.0,华东,企业客户
2024-03-25,电子产品,1379.88,13.0,西南,老客
2024-03-26,美妆,269.33,14.0,华东,个人客户
2024-03-26,家居,244.84,48.0,东北,个人客户
2024-03-26,服装,309.73,18.0,华东,企业客户
2024-03-26,服装,1819.81,13.0,华东,老客
2024-03-27,家居,945.75,24.0,西南,新客
2024-03-27,家居,1254.47,3.0,西南,个人客户
2024-03-27,电子产品,1242.77,36.0,华南,老客
2024-03-27,服装,1260.49,37.0,东北,老客
2024-03-28,家居,41.35,33.0,西南,新客
2024-03-28,家居,982.86,8.0,华北,老客
2024-03-28,美妆,1543.36,18.0,华南,企业客户
2024-03-28,家居,1394.24,28.0,东北,新客
2024-03-28,服装,1359.35,32.0,东北,企业客户
2024-03-28,电子产品,1146.46,12.0,华南,新客
2024-03-28,家居,-851.72,7.0,西南,新客
2024-03-29,食品,1168.82,30.0,华北,新客
2024-03-29,电子产品,883.6,33.0,华南,老客
2024-03-29,美妆,1486.05,2.0,华南,个人客户
2024-03-29,电子产品,1321.07,50.0,东北,新客
2024-03-29,家居,819.55,38.0,华东,老客
2024-03-29,家居,1108.66,45.0,华南,老客
2024-03-29,服装,907.89,35.0,华北,企业客户
2024-03-29,家居,320.52,14.0,东北,个人客户
2024-03-29,食品,1570.31,11.0,华北,个人客户
2024-03-30,电子产品,1282.26,41.0,华南,新客
2024-03-30,食品,452.05,44.0,东北,老客
2024-03-30,电子产品,702.16,50.0,华北,个人客户
2024-03-30,食品,1273.35,29.0,华东,新客
2024-03-30,电子产品,1381.85,15.0,西南,个人客户
2024-03-30,服装,1917.28,16.0,华东,个人客户
2024-03-30,食品,747.77,37.0,华南,老客
2024-03-30,家居,1985.84,34.0,华南,个人客户
2024-03-31,电子产品,881.18,5.0,西南,新客
2024-03-31,服装,1748.29,45.0,华东,企业客户
2024-03-31,服装,1630.75,50.0,西南,老客
2024-03-31,家居,634.61,3.0,华东,新客
2024-03-31,美妆,710.74,29.0,华南,企业客户
2024-03-31,美妆,680.8,50.0,东北,老客
2024-03-31,家居,1363.43,28.0,西南,企业客户
2024-03-31,服装,1024.68,43.0,西南,个人客户
2024-03-31,服装,822.79,34.0,华东,企业客户
2024-03-31,美妆,45.54,19.0,华北,老客
2024-03-31,美妆,1564.28,34.0,东北,企业客户
2024-03-31,家居,792.17,35.0,东北,个人客户
2024-03-31,食品,512.56,15.0,西南,老客
2024-03-31,家居,823.47,30.0,西南,老客
2024-03-31,食品,863.18,8.0,华南,老客
2024-03-31,服装,31.5,8.0,华南,新客
2024-03-31,家居,1823.13,48.0,西南,新客
2024-03-31,服装,1399.92,46.0,华北,企业客户
2024-04-01,服装,131.77,16.0,华南,新客
2024-04-01,电子产品,516.38,32.0,西南,新客
2024-04-01,电子产品,1147.43,48.0,东北,个人客户
2024-04-01,服装,726.95,12.0,东北,企业客户
2024-04-01,食品,904.6,41.0,华东,企业客户
2024-04-01,电子产品,1616.42,30.0,西南,个人客户
2024-04-01,食品,1745.52,5.0,东北,个人客户
2024-04-02,食品,1666.7,16.0,华东,个人客户
2024-04-02,美妆,1393.52,11.0,华北,个人客户
2024-04-02,电子产品,431.79,32.0,华东,老客
2024-04-02,服装,1359.32,17.0,东北,老客
2024-04-02,家居,992.1,28.0,华东,老客
2024-04-02,电子产品,143.01,30.0,华北,个人客户
2024-04-03,食品,380.72,7.0,西南,老客
2024-04-03,电子产品,1343.5,31.0,西南,个人客户
2024-04-03,电子产品,492.8,43.0,东北,老客
2024-04-03,电子产品,328.32,1.0,东北,个人客户
2024-04-03,食品,1546.07,47.0,西南,个人客户
2024-04-03,电子产品,809.01,22.0,东北,企业客户
2024-04-03,食品,723.44,45.0,华东,个人客户
2024-04-04,服装,99.76,8.0,华北,新客
2024-04-04,电子产品,1891.82,13.0,西南,企业客户
2024-04-04,电子产品,1012.88,40.0,东北,老客
2024-04-04,家居,812.04,25.0,华北,个人客户
2024-04-04,家居,397.76,48.0,华北,企业客户
2024-04-04,美妆,1530.91,9.0,东北,新客
2024-04-04,美妆,986.33,1.0,华东,老客
2024-04-04,服装,291.52,42.0,华南,企业客户
2024-04-05,美妆,755.12,35.0,华南,新客
2024-04-05,家居,1379.91,5.0,华东,企业客户
2024-04-05,电子产品,1560.02,29.0,东北,企业客户
2024-04-05,电子产品,415.97,27.0,华东,企业客户
2024-04-05,食品,-702.94,29.0,东北,企业客户
2024-04-05,电子产品,642.62,21.0,华东,新客
2024-04-05,家居,787.17,9.0,华南,个人客户
2024-04-05,服装,1684.55,21.0,华东,老客
2024-04-05,美妆,1883.5,28.0,华东,企业客户
2024-04-05,美妆,982.73,8.0,西南,新客
2024-04-05,美妆,994.83,18.0,西南,个人客户
2024-04-05,电子产品,482.97,40.0,东北,新客
2024-04-06,电子产品,168.5,22.0,东北,老客
2024-04-06,电子产品,1313.61,34.0,华北,老客
2024-04-06,食品,1544.54,50.0,西南,老客
2024-04-06,服装,670.38,43.0,东北,企业客户
2024-04-06,服装,1624.22,46.0,华南,个人客户
2024-04-06,家居,1491.08,42.0,东北,老客
2024-04-06,服装,1771.0,2.0,华东,个人客户
2024-04-06,服装,456.01,17.0,西南,个人客户
2024-04-06,美妆,1931.6,29.0,东北,个人客户
2024-04-06,电子产品,1274.58,26.0,东北,新客
2024-04-06,电子产品,1968.06,5.0,华南,新客
2024-04-06,服装,1146.92,34.0,华北,企业客户
2024-04-06,服装,728.77,50.0,华东,企业客户
2024-04-07,食品,294.25,12.0,华东,新客
2024-04-07,服装,372.45,37.0,华北,老客
2024-04-07,食品,667.37,40.0,东北,企业客户
2024-04-07,服装,1604.07,31.0,华东,个人客户
2024-04-07,家居,1835.89,25.0,华东,个人客户
2024-04-07,服装,1128.75,14.0,东北,老客
2024-04-07,美妆,1521.72,5.0,华北,老客
2024-04-07,食品,991.36,38.0,华北,老客
2024-04-07,电子产品,383.42,5.0,西南,企业客户
2024-04-07,美妆,1807.55,37.0,华北,老客
2024-04-07,家居,1271.74,24.0,华东,老客
2024-04-07,电子产品,962.49,45.0,华南,企业客户
2024-04-07,食品,184.8,39.0,东北,个人客户
2024-04-08,食品,1913.03,40.0,东北,企业客户
2024-04-08,食品,862.91,20.0,西南,老客
2024-04-08,电子产品,1180.6,34.0,华南,老客
2024-04-08,美妆,722.88,21.0,东北,企业客户
2024-04-08,食品,1917.8,44.0,华东,个人客户
2024-04-08,美妆,52.79,33.0,西南,个人客户
2024-04-08,服装,870.19,16.0,华北,企业客户
2024-04-08,家居,42.95,28.0,华东,新客
2024-04-08,美妆,792.69,18.0,,个人客户
2024-04-09,食品,1766.24,48.0,华东,老客
2024-04-09,美妆,848.89,44.0,西南,个人客户
2024-04-09,食品,-1922.28,20.0,华东,个人客户
2024-04-09,服装,1734.08,14.0,华北,老客
2024-04-09,家居,236.58,43.0,东北,老客
2024-04-09,服装,1617.47,50.0,西南,企业客户
2024-04-10,美妆,1200.32,41.0,西南,新客
2024-04-10,服装,1652.62,46.0,华北,企业客户
2024-04-10,美妆,1365.52,10.0,华北,企业客户
2024-04-10,电子产品,585.06,29.0,东北,老客
2024-04-10,食品,1476.0,29.0,华北,个人客户
2024-04-10,家居,347.21,31.0,东北,新客
2024-04-11,食品,563.05,43.0,华北,企业客户
2024-04-11,家居,110.72,48.0,华北,企业客户
2024-04-11,家居,642.66,47.0,华北,个人客户
2024-04-11,美妆,1074.29,5.0,华南,老客
2024-04-11,美妆,838.19,31.0,华南,新客
2024-04-11,电子产品,1025.7,29.0,华北,新客
2024-04-11,电子产品,1105.23,14.0,西南,个人客户
2024-04-11,服装,259.19,7.0,华北,新客
2024-04-11,电子产品,675.8,11.0,华南,老客
2024-04-11,家居,1298.09,21.0,华东,企业客户
2024-04-11,服装,516.2,21.0,西南,老客
2024-04-11,服装,1910.13,19.0,华东,新客
2024-04-12,服装,43.72,30.0,华南,企业客户
2024-04-12,电子产品,1267.99,38.0,东北,新客
2024-04-12,美妆,1190.26,44.0,西南,个人客户
2024-04-12,家居,1109.19,6.0,华北,新客
2024-04-12,美妆,1040.43,12.0,华东,个人客户
2024-04-12,服装,453.43,48.0,东北,企业客户
2024-04-12,家居,558.23,45.0,西南,老客
2024-04-12,电子产品,1645.73,36.0,华南,老客
2024-04-12,服装,492.38,36.0,华南,老客
2024-04-12,服装,1955.59,5.0,华北,个人客户
2024-04-12,电子产品,450.53,47.0,华北,老客
2024-04-12,食品,218.13,20.0,华东,老客
2024-04-13,服装,501.55,20.0,华东,企业客户
2024-04-13,食品,1597.58,36.0,华东,新客
2024-04-13,美妆,1076.26,3.0,华北,企业客户
2024-04-13,电子产品,1342.09,5.0,华南,个人客户
2024-04-13,家居,1541.67,21.0,华南,企业客户
2024-04-13,家居,938.55,11.0,华南,老客
2024-04-14,服装,929.82,12.0,华南,新客
2024-04-14,电子产品,1731.97,31.0,华南,个人客户
2024-04-14,食品,49.73,27.0,华南,个人客户
2024-04-14,食品,1523.8,4.0,东北,个人客户
2024-04-14,家居,1521.17,42.0,西南,老客
2024-04-14,美妆,765.39,31.0,华南,个人客户
2024-04-15,电子产品,1042.68,45.0,华北,个人客户
2024-04-15,电子产品,365.61,39.0,华南,老客
2024-04-15,家居,1230.73,48.0,华东,个人客户
2024-04-15,美妆,1798.17,44.0,华北,企业客户
2024-04-15,美妆,105.43,38.0,华南,个人客户
2024-04-15,服装,1979.4,35.0,西南,老客
2024-04-15,美妆,1343.11,34.0,华南,老客
2024-04-15,家居,1337.37,47.0,华东,新客
2024-04-15,电子产品,1826.87,50.0,西南,企业客户
2024-04-15,家居,157.76,35.0,华东,老客
2024-04-15,服装,1203.57,50.0,东北,个人客户
2024-04-15,美妆,1328.49,17.0,华北,新客
2024-04-15,服装,763.55,5.0,西南,老客
2024-04-15,服装,736.21,17.0,西南,企业客户
2024-04-16,食品,1941.58,25.0,西南,新客
2024-04-16,食品,71.97,34.0,东北,新客
2024-04-16,美妆,609.34,47.0,西南,老客
2024-04-16,电子产品,1182.62,10.0,华南,新客
2024-04-16,服装,997.58,14.0,东北,企业客户
2024-04-16,电子产品,653.47,37.0,华北,企业客户
2024-04-17,食品,142.61,8.0,华东,企业客户
2024-04-17,美妆,808.47,7.0,西南,企业客户
2024-04-17,家居,313.83,41.0,华南,个人客户
2024-04-17,电子产品,832.38,40.0,华南,个人客户
2024-04-17,食品,1139.15,17.0,华南,新客
2024-04-17,电子产品,227.6,32.0,华南,企业客户
2024-04-17,美妆,1981.2,3.0,东北,企业客户
2024-04-17,电子产品,1873.75,16.0,华南,企业客户
2024-04-17,食品,1296.48,13.0,华东,企业客户
2024-04-17,家居,1496.42,29.0,华北,企业客户
2024-04-17,服装,1080.3,45.0,西南,新客
2024-04-17,食品,1569.68,17.0,华南,老客
2024-04-17,家居,646.16,13.0,华北,企业客户
2024-04-18,电子产品,581.18,37.0,西南,企业客户
2024-04-18,电子产品,1055.01,25.0,华南,企业客户
2024-04-18,美妆,781.84,30.0,东北,新客
2024-04-18,电子产品,558.22,34.0,西南,个人客户
2024-04-18,家居,1235.46,41.0,西南,企业客户
2024-04-18,美妆,1839.68,10.0,西南,老客
2024-04-18,服装,1663.54,20.0,华东,老客
2024-04-18,美妆,818.67,20.0,华北,企业客户
2024-04-18,服装,481.3,50.0,华北,企业客户
2024-04-18,食品,56.1,12.0,华南,新客
2024-04-18,服装,965.85,25.0,华东,企业客户
2024-04-18,食品,940.18,43.0,华东,新客
2024-04-19,美妆,625.39,50.0,西南,新客
2024-04-19,家居,479.07,41.0,华南,个人客户
2024-04-19,服装,1401.92,29.0,西南,企业客户
2024-04-19,家居,766.59,2.0,西南,企业客户
2024-04-19,食品,508.38,28.0,东北,个人客户
2024-04-19,电子产品,248.85,40.0,华北,新客
2024-04-19,电子产品,934.16,17.0,西南,新客
2024-04-19,服装,543.19,38.0,华北,企业客户
2024-04-19,食品,112.83,42.0,西南,新客
2024-04-19,美妆,1934.43,18.0,西南,新客
2024-04-19,美妆,1249.63,48.0,华东,个人客户
2024-04-19,美妆,618.39,43.0,西南,新客
2024-04-19,食品,719.55,15.0,西南,企业客户
2024-04-20,食品,543.66,49.0,西南,新客
2024-04-20,美妆,1591.42,17.0,华北,个人客户
2024-04-20,电子产品,1215.35,6.0,华南,企业客户
2024-04-20,家居,560.22,43.0,华东,新客
2024-04-20,食品,1283.36,47.0,华北,新客
2024-04-20,服装,1480.03,29.0,东北,老客
2024-04-20,家居,346.69,11.0,华东,企业客户
2024-04-21,家居,-1855.9,25.0,华北,企业客户
2024-04-21,食品,1922.11,12.0,东北,新客
2024-04-21,电子产品,1278.18,35.0,华南,新客
2024-04-21,食品,351.37,38.0,华东,老客
2024-04-21,食品,1607.06,10.0,华南,新客
2024-04-21,食品,1547.12,33.0,西南,新客
2024-04-21,家居,644.77,49.0,华南,老客
2024-04-21,电子产品,491.58,38.0,华东,个人客户
2024-04-21,食品,26.43,33.0,华南,企业客户
2024-04-21,电子产品,675.92,34.0,华东,个人客户
2024-04-21,家居,1857.22,12.0,西南,新客
2024-04-21,服装,653.84,4.0,西南,老客
2024-04-21,服装,-1544.66,2.0,东北,企业客户
2024-04-22,服装,883.64,2.0,东北,老客
2024-04-22,家居,427.15,38.0,华东,企业客户
2024-04-22,电子产品,1926.04,7.0,东北,企业客户
2024-04-22,美妆,351.22,47.0,华北,企业客户
2024-04-22,电子产品,551.25,24.0,华北,个人客户
2024-04-22,电子产品,1897.07,29.0,华南,老客
2024-04-22,服装,742.43,6.0,华北,新客
2024-04-22,食品,537.99,1.0,东北,个人客户
2024-04-22,美妆,267.23,30.0,华南,企业客户
2024-04-22,电子产品,1822.67,47.0,华南,老客
2024-04-23,电子产品,183.69,49.0,华南,新客
2024-04-23,服装,279.93,2.0,华东,新客
2024-04-23,服装,1208.2,36.0,华北,个人客户
2024-04-23,家居,842.91,19.0,华南,老客
2024-04-23,电子产品,1713.79,44.0,华北,新客
2024-04-23,美妆,446.83,8.0,华北,老客
2024-04-23,服装,1989.18,30.0,华东,个人客户
2024-04-23,服装,1380.18,13.0,华东,个人客户
2024-04-24,电子产品,20.39,19.0,东北,企业客户
2024-04-24,电子产品,1385.21,41.0,华东,企业客户
2024-04-24,美妆,1777.41,40.0,西南,新客
2024-04-24,食品,890.69,15.0,华北,企业客户
2024-04-24,家居,1360.11,38.0,东北,老客
2024-04-24,服装,1278.88,10.0,华北,个人客户
2024-04-25,电子产品,614.52,2.0,华北,企业客户
2024-04-25,电子产品,877.39,25.0,华东,企业客户
2024-04-25,食品,464.9,2.0,东北,个人客户
2024-04-25,服装,623.2,7.0,东北,个人客户
2024-04-25,食品,855.4,43.0,西南,企业客户
2024-04-25,美妆,418.65,26.0,华东,
2024-04-26,食品,1110.28,33.0,东北,老客
2024-04-26,美妆,558.83,32.0,华南,新客
2024-04-26,食品,752.71,50.0,东北,企业客户
2024-04-26,美妆,1498.06,24.0,华东,老客
2024-04-26,服装,998.42,46.0,华南,个人客户
2024-04-26,家居,1113.06,25.0,华北,个人客户
2024-04-26,电子产品,739.42,15.0,西南,新客
2024-04-26,食品,1051.81,31.0,华东,老客
2024-04-27,食品,1083.2,30.0,西南,企业客户
2024-04-27,电子产品,1732.32,1.0,华北,企业客户
2024-04-27,服装,594.12,12.0,东北,企业客户
2024-04-27,服装,1214.43,12.0,西南,企业客户
2024-04-27,电子产品,675.18,40.0,华东,企业客户
2024-04-28,食品,363.36,41.0,华南,个人客户
2024-04-28,家居,665.5,9.0,东北,个人客户
2024-04-28,家居,301.32,27.0,华东,个人客户
2024-04-28,美妆,1049.44,18.0,华南,新客
2024-04-28,服装,1408.5,4.0,西南,老客
2024-04-28,家居,1849.78,47.0,西南,老客
2024-04-28,服装,1586.61,17.0,华北,老客
2024-04-28,美妆,1138.8,42.0,华东,新客
2024-04-28,家居,260.67,30.0,华北,企业客户
2024-04-28,家居,1750.91,12.0,华北,老客
2024-04-28,电子产品,149.61,27.0,华南,企业客户
2024-04-29,服装,1361.67,5.0,西南,新客
2024-04-29,电子产品,127.26,4.0,西南,新客
2024-04-29,家居,1312.35,25.0,华南,企业客户
2024-04-29,美妆,730.27,14.0,西南,企业客户
2024-04-29,电子产品,927.53,11.0,华北,个人客户
2024-04-29,服装,253.49,40.0,西南,老客
2024-04-29,食品,1448.66,1.0,华东,新客
2024-04-29,服装,737.16,44.0,华北,新客
2024-04-29,美妆,1398.66,30.0,华东,企业客户
2024-04-29,家居,757.12,43.0,东北,企业客户
2024-04-29,电子产品,1986.04,50.0,西南,新客
2024-04-29,家居,353.54,49.0,华北,个人客户
2024-04-30,家居,1020.48,49.0,华南,老客
2024-04-30,服装,1244.38,45.0,华南,企业客户
2024-04-30,家居,633.43,14.0,东北,老客
2024-04-30,美妆,784.47,45.0,东北,个人客户
2024-04-30,食品,1672.19,10.0,华北,新客
2024-04-30,家居,1381.78,,西南,新客
2024-04-30,美妆,532.13,49.0,华南,新客
2024-04-30,家居,1111.5,13.0,东北,个人客户
2024-04-30,电子产品,1546.12,36.0,华南,老客
2024-04-30,服装,1538.35,11.0,华东,个人客户
2024-04-30,家居,374.01,44.0,华北,企业客户
2024-04-30,电子产品,30.4,2.0,华北,个人客户
2024-04-30,家居,357.72,39.0,华南,个人客户
2024-04-30,服装,829.56,50.0,西南,新客
2024-04-30,电子产品,1010.74,16.0,东北,老客
2024-04-30,食品,-1088.05,15.0,华东,企业客户
2024-05-01,家居,1520.27,5.0,东北,新客
2024-05-01,食品,1154.26,48.0,东北,企业客户
2024-05-01,服装,1682.51,4.0,西南,新客
2024-05-01,电子产品,1019.95,18.0,华北,老客
2024-05-01,家居,905.21,16.0,华南,新客
2024-05-01,电子产品,1717.06,47.0,西南,新客
2024-05-01,美妆,725.84,9.0,华东,老客
2024-05-01,服装,419.96,3.0,华南,个人客户
2024-05-01,家居,1916.29,7.0,华北,企业客户
2024-05-01,美妆,346.95,39.0,西南,个人客户
2024-05-01,食品,414.92,21.0,华北,企业客户
2024-05-01,服装,1093.89,39.0,西南,新客
2024-05-01,食品,520.1,39.0,华北,老客
2024-05-01,家居,72.2,34.0,华东,企业客户
2024-05-01,电子产品,397.01,43.0,西南,新客
2024-05-02,家居,149.38,5.0,东北,企业客户
2024-05-02,家居,1078.05,35.0,华东,新客
2024-05-02,电子产品,864.02,32.0,西南,企业客户
2024-05-02,服装,379.4,12.0,华南,老客
2024-05-03,食品,775.1,37.0,华北,新客
2024-05-03,美妆,700.93,26.0,西南,个人客户
2024-05-03,美妆,202.1,42.0,华北,老客
2024-05-03,食品,627.17,50.0,西南,个人客户
2024-05-03,服装,496.99,11.0,华东,企业客户
2024-05-03,美妆,178.52,49.0,华北,老客
2024-05-03,服装,1363.22,40.0,西南,新客
2024-05-03,食品,625.68,50.0,华东,企业客户
2024-05-03,电子产品,1207.99,11.0,东北,新客
2024-05-03,服装,1566.54,45.0,东北,个人客户
2024-05-04,服装,1999.95,5.0,华北,企业客户
2024-05-04,家居,1744.15,12.0,西南,老客
2024-05-04,美妆,1000.05,28.0,华北,企业客户
2024-05-04,服装,1393.0,36.0,华南,老客
2024-05-04,食品,-1543.51,15.0,西南,老客
2024-05-04,家居,83.0,43.0,西南,新客
2024-05-04,电子产品,1790.43,3.0,华东,老客
2024-05-04,美妆,1151.23,40.0,东北,个人客户
2024-05-05,电子产品,955.69,2.0,东北,新客
2024-05-05,家居,417.32,12.0,西南,企业客户
2024-05-05,食品,389.52,21.0,西南,新客
2024-05-05,食品,710.63,19.0,华东,老客
2024-05-05,食品,1518.82,19.0,西南,新客
2024-05-05,食品,1054.88,39.0,东北,个人客户
2024-05-05,服装,432.92,3.0,西南,新客
2024-05-05,电子产品,1160.74,19.0,西南,新客
2024-05-05,食品,820.48,4.0,西南,企业客户
2024-05-05,服装,1376.01,9.0,华北,老客
2024-05-05,电子产品,288.74,29.0,华南,老客
2024-05-05,电子产品,516.07,36.0,西南,新客
2024-05-05,电子产品,622.63,43.0,华东,个人客户
2024-05-05,食品,837.66,46.0,西南,企业客户
2024-05-06,服装,1792.2,20.0,华北,企业客户
2024-05-06,服装,380.04,23.0,华北,新客
2024-05-06,家居,564.86,45.0,华东,老客
2024-05-06,美妆,1415.37,47.0,华东,企业客户
2024-05-06,电子产品,1288.03,3.0,西南,个人客户
2024-05-06,服装,1893.76,17.0,华南,个人客户
2024-05-06,美妆,1471.17,49.0,西南,企业客户
2024-05-06,服装,1419.8,1.0,华南,老客
2024-05-06,美妆,725.91,32.0,西南,老客
2024-05-06,电子产品,676.94,26.0,东北,老客
2024-05-06,食品,1660.12,36.0,东北,个人客户
2024-05-06,家居,1646.38,6.0,东北,老客
2024-05-07,家居,1307.67,31.0,华北,个人客户
2024-05-07,美妆,1891.56,30.0,华南,个人客户
2024-05-07,家居,31.39,16.0,华南,老客
2024-05-07,食品,849.8,24.0,西南,新客
2024-05-07,电子产品,160.6,24.0,华北,个人客户
2024-05-07,食品,1598.64,6.0,西南,企业客户
2024-05-07,美妆,221.59,37.0,华南,新客
2024-05-07,家居,788.04,39.0,华南,新客
2024-05-07,食品,755.74,14.0,东北,新客
2024-05-07,家居,55.18,27.0,华东,企业客户
2024-05-07,电子产品,424.43,19.0,西南,个人客户
2024-05-07,家居,1830.8,10.0,华北,个人客户
2024-05-07,美妆,52.54,37.0,华南,个人客户
2024-05-07,家居,244.94,17.0,东北,企业客户
2024-05-08,美妆,-492.98,44.0,华南,个人客户
2024-05-08,美妆,1462.87,50.0,华北,老客
2024-05-08,美妆,1561.89,9.0,西南,老客
2024-05-08,家居,858.68,6.0,东北,个人客户
2024-05-08,家居,1430.95,23.0,西南,老客
2024-05-08,家居,693.43,47.0,东北,新客
2024-05-08,食品,1777.85,45.0,华东,新客
2024-05-08,家居,1207.14,2.0,华北,个人客户
2024-05-08,家居,706.34,46.0,东北,老客
2024-05-08,家居,1537.51,7.0,华北,个人客户
2024-05-09,服装,-368.18,17.0,华南,个人客户
2024-05-09,电子产品,114.51,29.0,华北,企业客户
2024-05-09,家居,1529.52,2.0,华东,个人客户
2024-05-09,电子产品,1454.55,11.0,华南,企业客户
2024-05-09,食品,277.52,25.0,西南,个人客户
2024-05-09,家居,72.9,25.0,华北,老客
2024-05-09,美妆,1007.68,48.0,华东,老客
2024-05-10,电子产品,795.67,16.0,西南,老客
2024-05-10,电子产品,99.7,9.0,华北,老客
2024-05-10,电子产品,1540.64,8.0,华北,老客
2024-05-10,服装,130.16,33.0,西南,老客
2024-05-10,服装,1853.33,7.0,华东,老客
2024-05-10,食品,1453.89,30.0,东北,企业客户
2024-05-10,服装,1683.23,50.0,华东,个人客户
2024-05-10,服装,106.83,21.0,东北,企业客户
2024-05-10,电子产品,891.29,7.0,华南,新客
2024-05-10,美妆,459.74,9.0,华东,老客
2024-05-10,电子产品,122.28,18.0,华北,新客
2024-05-11,食品,174.75,15.0,华东,企业客户
2024-05-11,服装,1885.73,43.0,华东,企业客户
2024-05-11,美妆,1360.01,45.0,华东,老客
2024-05-11,食品,1297.65,35.0,华南,新客
2024-05-11,家居,901.98,31.0,华北,老客
2024-05-11,食品,1905.05,6.0,西南,老客
2024-05-11,美妆,667.74,41.0,华南,个人客户
2024-05-11,家居,1546.56,28.0,西南,企业客户
2024-05-11,食品,243.43,8.0,西南,企业客户
2024-05-12,电子产品,735.71,47.0,华南,企业客户
2024-05-12,电子产品,1887.53,45.0,华南,老客
2024-05-12,美妆,1758.36,41.0,东北,个人客户
2024-05-12,家居,1261.97,48.0,华北,新客
2024-05-12,家居,1313.91,50.0,华北,个人客户
2024-05-12,服装,477.32,33.0,华东,老客
2024-05-13,电子产品,614.99,36.0,东北,个人客户
2024-05-13,家居,1527.5,31.0,华北,老客
2024-05-13,家居,195.12,41.0,华东,新客
2024-05-13,美妆,1991.42,31.0,西南,新客
2024-05-13,电子产品,1433.43,49.0,华北,新客
2024-05-13,服装,1255.11,20.0,西南,新客
2024-05-13,食品,561.52,38.0,东北,个人客户
2024-05-13,服装,839.7,2.0,华南,个人客户
2024-05-13,家居,1550.74,39.0,华东,老客
2024-05-13,服装,1765.15,20.0,华东,新客
2024-05-13,美妆,1145.7,5.0,华东,企业客户
2024-05-14,美妆,1130.7,43.0,华东,老客
2024-05-14,服装,1273.95,15.0,华北,老客
2024-05-14,电子产品,1514.89,7.0,华北,新客
2024-05-14,食品,917.14,10.0,西南,新客
2024-05-14,家居,1436.99,31.0,华北,老客
2024-05-14,美妆,1577.1,36.0,华东,老客
2024-05-14,美妆,150.91,49.0,西南,
2024-05-15,美妆,174.64,8.0,华东,个人客户
2024-05-15,美妆,545.85,6.0,华北,老客
2024-05-15,美妆,-1161.28,5.0,华北,老客
2024-05-15,美妆,1993.33,22.0,华北,老客
2024-05-15,服装,990.07,2.0,华北,新客
2024-05-15,电子产品,529.21,7.0,东北,个人客户
2024-05-15,食品,-667.18,2.0,东北,新客
2024-05-15,美妆,1245.46,33.0,华南,老客
2024-05-15,食品,535.6,3.0,华南,老客
2024-05-15,美妆,1222.06,34.0,西南,新客
2024-05-15,电子产品,1922.34,12.0,华东,企业客户
2024-05-16,食品,721.49,40.0,西南,个人客户
2024-05-16,家居,1913.24,40.0,华北,新客
2024-05-16,家居,777.17,47.0,西南,新客
2024-05-16,电子产品,1084.7,4.0,西南,个人客户
2024-05-16,服装,241.11,28.0,东北,老客
2024-05-16,食品,630.68,33.0,西南,老客
2024-05-16,服装,1530.61,44.0,华东,老客
2024-05-16,电子产品,837.55,12.0,华南,新客
2024-05-16,家居,1934.2,13.0,华北,企业客户
2024-05-16,服装,402.38,37.0,华南,老客
2024-05-17,食品,74.65,12.0,东北,新客
2024-05-17,电子产品,1222.1,7.0,西南,个人客户
2024-05-17,食品,1132.8,9.0,华东,个人客户
2024-05-17,电子产品,1360.59,33.0,西南,个人客户
2024-05-17,食品,1758.23,25.0,西南,老客
2024-05-17,美妆,940.45,18.0,华北,个人客户
2024-05-17,美妆,1923.48,29.0,华东,企业客户
2024-05-17,电子产品,1244.57,13.0,华东,企业客户
2024-05-17,电子产品,1167.1,3.0,华南,老客
2024-05-17,食品,1441.28,11.0,华北,新客
2024-05-17,美妆,207.53,30.0,东北,个人客户
2024-05-18,食品,157.15,15.0,华南,个人客户
2024-05-18,电子产品,1682.36,22.0,华东,老客
2024-05-18,电子产品,1730.19,9.0,东北,新客
2024-05-18,食品,311.87,39.0,华北,新客
2024-05-18,家居,-1450.01,6.0,华北,新客
2024-05-18,服装,707.63,30.0,华东,老客
2024-05-18,电子产品,1769.69,43.0,华北,个人客户
2024-05-19,食品,1275.41,44.0,华北,企业客户
2024-05-19,电子产品,1539.88,47.0,西南,个人客户
2024-05-19,家居,469.71,8.0,华东,新客
2024-05-19,食品,1416.41,15.0,西南,新客
2024-05-19,食品,675.94,31.0,华北,个人客户
2024-05-19,电子产品,855.41,6.0,华南,个人客户
2024-05-19,电子产品,86.25,37.0,西南,新客
2024-05-20,家居,431.23,22.0,华南,企业客户
2024-05-20,家居,335.13,29.0,华北,个人客户
2024-05-20,电子产品,38.33,28.0,华北,新客
2024-05-20,美妆,396.09,47.0,西南,老客
2024-05-20,美妆,1662.93,23.0,华北,新客
2024-05-20,食品,1108.34,43.0,华东,新客
2024-05-20,服装,1519.55,49.0,华南,企业客户
2024-05-20,家居,1225.58,8.0,华北,个人客户
2024-05-20,家居,590.3,8.0,华东,个人客户
2024-05-21,食品,1204.13,25.0,华东,新客
2024-05-21,服装,117.45,24.0,东北,个人客户
2024-05-21,电子产品,1881.23,2.0,东北,企业客户
2024-05-21,服装,1529.46,25.0,华南,企业客户
2024-05-21,食品,1405.73,45.0,华南,企业客户
2024-05-21,电子产品,1091.98,10.0,华南,个人客户
2024-05-21,食品,1448.17,35.0,西南,老客
2024-05-21,电子产品,1483.06,29.0,东北,个人客户
2024-05-21,电子产品,1770.81,20.0,西南,老客
2024-05-21,美妆,69.1,15.0,西南,新客
2024-05-21,美妆,417.76,46.0,华北,新客
2024-05-21,食品,766.88,13.0,华南,老客
2024-05-22,服装,1563.18,32.0,西南,个人客户
2024-05-22,电子产品,1757.6,41.0,华东,个人客户
2024-05-22,美妆,102.71,39.0,西南,企业客户
2024-05-22,美妆,582.61,10.0,华北,企业客户
2024-05-22,电子产品,997.76,26.0,华北,老客
2024-05-23,美妆,505.55,35.0,华北,新客
2024-05-23,家居,514.79,25.0,华南,新客
2024-05-23,电子产品,1259.33,49.0,,老客
2024-05-23,家居,1830.98,39.0,华南,老客
2024-05-23,食品,1623.83,2.0,西南,企业客户
2024-05-23,电子产品,1617.69,26.0,华北,企业客户
2024-05-23,电子产品,602.62,33.0,华北,新客
2024-05-23,电子产品,114.46,45.0,华南,企业客户
2024-05-23,美妆,1331.21,25.0,华北,个人客户
2024-05-23,家居,1499.09,38.0,西南,新客
2024-05-23,家居,1554.43,14.0,东北,新客
2024-05-24,美妆,1597.83,42.0,西南,新客
2024-05-24,食品,1759.45,6.0,华南,老客
2024-05-24,家居,707.46,43.0,华北,企业客户
2024-05-24,食品,940.77,50.0,华北,个人客户
2024-05-24,家居,126.0,9.0,西南,企业客户
2024-05-24,家居,1672.61,44.0,东北,新客
2024-05-24,服装,635.01,41.0,华东,企业客户
2024-05-24,电子产品,157.78,6.0,东北,个人客户
2024-05-24,服装,1484.36,30.0,华北,老客
2024-05-24,家居,1897.77,35.0,华北,个人客户
2024-05-24,服装,165.06,33.0,华北,个人客户
2024-05-24,美妆,762.62,48.0,华北,新客
2024-05-24,电子产品,1125.42,35.0,华南,企业客户
2024-05-24,美妆,1059.88,28.0,华北,新客
2024-05-24,服装,1436.06,18.0,华北,老客
2024-05-24,电子产品,1730.29,3.0,东北,新客
2024-05-25,电子产品,331.47,37.0,华东,个人客户
2024-05-25,美妆,1799.51,5.0,西南,新客
2024-05-25,电子产品,1521.59,7.0,东北,企业客户
2024-05-25,家居,290.27,30.0,西南,个人客户
2024-05-25,服装,1101.79,49.0,西南,企业客户
2024-05-25,食品,739.67,26.0,西南,个人客户
2024-05-25,服装,1675.28,29.0,西南,企业客户
2024-05-25,家居,535.0,30.0,华南,个人客户
2024-05-26,食品,164.3,34.0,华南,个人客户
2024-05-26,美妆,1988.68,3.0,华南,新客
2024-05-26,食品,967.85,12.0,华东,新客
2024-05-26,美妆,39.66,13.0,华东,个人客户
2024-05-26,家居,498.83,13.0,东北,老客
2024-05-26,电子产品,1816.0,11.0,华北,个人客户
2024-05-26,家居,1729.11,39.0,西南,老客
2024-05-26,服装,1160.27,7.0,华北,个人客户
2024-05-26,服装,1842.42,50.0,西南,企业客户
2024-05-26,服装,444.35,42.0,华南,个人客户
2024-05-26,服装,699.47,44.0,东北,老客
2024-05-26,美妆,1941.66,22.0,西南,个人客户
2024-05-26,美妆,409.1,24.0,东北,新客
2024-05-27,服装,1575.29,25.0,西南,个人客户
2024-05-27,电子产品,625.03,32.0,华北,新客
2024-05-27,家居,107.89,1.0,东北,个人客户
2024-05-27,服装,503.18,50.0,华北,个人客户
2024-05-27,家居,1917.18,46.0,华南,企业客户
2024-05-27,食品,1564.64,23.0,西南,老客
2024-05-28,服装,241.33,24.0,西南,新客
2024-05-28,家居,1811.88,50.0,华南,老客
2024-05-28,美妆,699.68,8.0,西南,老客
2024-05-28,电子产品,858.92,35.0,华东,企业客户
2024-05-29,食品,1784.86,25.0,华东,老客
2024-05-29,食品,933.08,30.0,华北,企业客户
2024-05-29,食品,1176.78,24.0,东北,老客
2024-05-29,服装,1085.14,45.0,西南,新客
2024-05-29,家居,858.38,45.0,西南,老客
2024-05-29,家居,1457.99,49.0,华东,企业客户
2024-05-29,电子产品,711.78,38.0,华北,个人客户
2024-05-29,服装,1206.23,3.0,西南,新客
2024-05-29,服装,1031.83,33.0,东北,企业客户
2024-05-30,电子产品,1772.3,25.0,东北,个人客户
2024-05-30,食品,769.2,9.0,华南,企业客户
2024-05-30,电子产品,1353.58,12.0,华北,老客
2024-05-30,美妆,1027.07,25.0,华东,新客
2024-05-30,美妆,507.71,42.0,华南,新客
2024-05-30,美妆,1724.88,41.0,西南,个人客户
2024-05-30,家居,716.93,40.0,华南,新客
2024-05-30,家居,1520.09,22.0,华东,新客
2024-05-30,美妆,404.68,20.0,华北,老客
2024-05-30,电子产品,149.27,20.0,华北,老客
2024-05-31,家居,1697.29,21.0,华北,个人客户
2024-05-31,电子产品,992.84,32.0,华北,新客
2024-05-31,美妆,1933.98,43.0,西南,个人客户
2024-05-31,电子产品,1829.23,27.0,华东,企业客户
2024-05-31,美妆,74.14,28.0,西南,企业客户
2024-05-31,电子产品,314.48,9.0,西南,企业客户
2024-05-31,服装,1603.07,6.0,西南,新客
2024-05-31,家居,1354.34,25.0,华北,老客
2024-05-31,电子产品,285.22,16.0,华北,企业客户
2024-05-31,食品,836.32,14.0,西南,新客
2024-05-31,食品,354.74,13.0,东北,新客
2024-06-01,服装,820.49,28.0,西南,新客
2024-06-01,食品,300.83,12.0,华东,企业客户
2024-06-01,食品,1147.03,29.0,华东,老客
2024-06-01,电子产品,567.01,34.0,华南,企业客户
2024-06-01,家居,1921.83,38.0,东北,新客
2024-06-01,服装,1886.84,37.0,华南,个人客户
2024-06-01,美妆,918.36,28.0,华东,企业客户
2024-06-01,电子产品,679.91,7.0,东北,新客
2024-06-01,服装,878.66,22.0,西南,新客
2024-06-01,食品,1462.52,28.0,东北,企业客户
2024-06-01,服装,1551.74,41.0,西南,老客
2024-06-01,美妆,389.11,30.0,东北,企业客户
2024-06-01,家居,770.24,42.0,华东,企业客户
2024-06-02,电子产品,1223.03,43.0,华北,个人客户
2024-06-02,电子产品,1117.95,34.0,华南,老客
2024-06-02,食品,578.16,45.0,华南,新客
2024-06-02,家居,1255.54,25.0,西南,老客
2024-06-02,服装,1651.7,27.0,华南,老客
2024-06-02,家居,1269.13,44.0,华南,新客
2024-06-03,食品,1887.94,26.0,华南,老客
2024-06-03,家居,349.96,23.0,西南,企业客户
2024-06-03,电子产品,231.04,35.0,西南,新客
2024-06-03,服装,-1006.35,46.0,东北,新客
2024-06-03,家居,106.03,35.0,华东,老客
2024-06-03,美妆,1996.84,17.0,华东,新客
2024-06-03,食品,1966.33,30.0,东北,老客
2024-06-03,服装,1122.57,36.0,华北,企业客户
2024-06-03,食品,1191.73,9.0,东北,老客
2024-06-03,家居,1353.35,35.0,华东,企业客户
2024-06-04,家居,485.6,14.0,西南,老客
2024-06-04,食品,1123.11,7.0,华南,企业客户
2024-06-04,食品,150.44,47.0,华北,老客
2024-06-04,服装,569.4,47.0,华东,个人客户
2024-06-04,电子产品,1282.87,25.0,东北,企业客户
2024-06-04,食品,1529.5,26.0,华北,新客
2024-06-05,美妆,1513.84,8.0,华东,企业客户
2024-06-05,家居,1967.54,49.0,华北,老客
2024-06-05,家居,1777.29,9.0,华北,企业客户
2024-06-05,美妆,1916.87,41.0,西南,企业客户
2024-06-05,服装,820.31,19.0,华东,新客
2024-06-05,电子产品,810.45,35.0,华东,老客
2024-06-05,食品,88.38,21.0,东北,企业客户
2024-06-05,家居,1139.79,10.0,华北,企业客户
2024-06-05,家居,1642.92,37.0,西南,企业客户
2024-06-06,家居,1481.93,39.0,华东,个人客户
2024-06-06,电子产品,1521.65,7.0,华东,个人客户
2024-06-06,美妆,225.28,35.0,华东,老客
2024-06-06,服装,1136.34,10.0,华北,个人客户
2024-06-06,电子产品,610.73,1.0,华北,个人客户
2024-06-06,服装,265.63,48.0,西南,个人客户
2024-06-06,电子产品,309.57,12.0,华南,个人客户
2024-06-06,美妆,1609.54,10.0,西南,企业客户
2024-06-06,食品,612.48,33.0,东北,老客
2024-06-06,美妆,1577.53,33.0,华北,个人客户
2024-06-06,电子产品,1722.73,7.0,华南,企业客户
2024-06-06,服装,278.37,21.0,华东,企业客户
2024-06-06,服装,707.74,8.0,华北,新客
2024-06-07,电子产品,1308.82,30.0,东北,新客
2024-06-07,美妆,745.54,46.0,华东,个人客户
2024-06-07,食品,1438.98,46.0,西南,企业客户
2024-06-07,家居,1899.26,2.0,西南,企业客户
2024-06-07,美妆,1520.08,34.0,华南,老客
2024-06-07,食品,1955.5,9.0,东北,企业客户
2024-06-07,电子产品,1496.98,45.0,华东,新客
2024-06-08,电子产品,299.87,25.0,东北,企业客户
2024-06-08,电子产品,247.12,10.0,东北,企业客户
2024-06-08,美妆,222.7,23.0,东北,新客
2024-06-08,家居,1766.25,44.0,东北,新客
2024-06-08,服装,778.43,37.0,华北,新客
2024-06-09,家居,1380.93,21.0,西南,个人客户
2024-06-09,家居,890.73,29.0,华北,新客
2024-06-09,食品,200.11,2.0,东北,老客
2024-06-09,电子产品,78.85,5.0,西南,企业客户
2024-06-09,电子产品,1160.1,11.0,华南,个人客户
2024-06-09,电子产品,267.16,3.0,西南,新客
2024-06-09,服装,1684.21,7.0,西南,个人客户
2024-06-09,家居,1322.86,2.0,西南,企业客户
2024-06-09,家居,383.08,7.0,华南,老客
2024-06-09,美妆,1533.79,45.0,华北,新客
2024-06-09,服装,1677.93,21.0,华南,企业客户
2024-06-09,电子产品,169.29,33.0,华东,老客
2024-06-10,家居,395.9,26.0,华北,新客
2024-06-10,家居,1442.32,32.0,西南,个人客户
2024-06-10,家居,1282.67,34.0,华南,新客
2024-06-10,家居,1553.72,10.0,华南,企业客户
2024-06-10,电子产品,395.14,13.0,华东,个人客户
2024-06-10,服装,1510.74,29.0,华南,老客
2024-06-11,家居,1727.6,6.0,华北,老客
2024-06-11,服装,1608.24,25.0,西南,老客
2024-06-11,美妆,111.47,38.0,华南,新客
2024-06-11,家居,382.49,24.0,华南,老客
2024-06-11,家居,1092.09,36.0,华东,新客
2024-06-11,服装,204.91,44.0,华北,个人客户
2024-06-11,电子产品,467.54,13.0,华北,新客
2024-06-11,食品,563.41,40.0,东北,企业客户
2024-06-11,家居,428.19,15.0,华北,新客
2024-06-11,食品,1020.71,4.0,华东,老客
2024-06-12,美妆,1657.44,21.0,华东,老客
2024-06-12,电子产品,856.61,12.0,华北,企业客户
2024-06-12,家居,1819.67,35.0,华南,企业客户
2024-06-12,电子产品,182.23,20.0,西南,老客
2024-06-12,美妆,642.19,18.0,华南,企业客户
2024-06-12,家居,1124.88,24.0,华东,新客
2024-06-12,电子产品,733.64,43.0,华南,企业客户
2024-06-12,服装,1488.27,15.0,华南,企业客户
2024-06-12,食品,415.47,32.0,西南,新客
2024-06-13,家居,1788.97,40.0,西南,企业客户
2024-06-13,电子产品,1249.84,44.0,华北,老客
2024-06-13,服装,173.4,7.0,华南,新客
2024-06-13,食品,260.4,40.0,华东,企业客户
2024-06-13,食品,1307.06,28.0,西南,新客
2024-06-13,家居,654.23,49.0,华南,新客
2024-06-13,家居,98.42,42.0,华北,企业客户
2024-06-13,电子产品,281.71,18.0,华南,企业客户
2024-06-14,食品,51.54,11.0,西南,企业客户
2024-06-14,食品,1006.78,33.0,华北,老客
2024-06-14,美妆,1848.94,8.0,华北,企业客户
2024-06-14,服装,587.8,4.0,华东,个人客户
2024-06-14,食品,390.48,20.0,华南,老客
2024-06-14,电子产品,554.44,5.0,华北,新客
2024-06-14,美妆,1925.86,43.0,华南,新客
2024-06-14,电子产品,1009.9,14.0,华北,老客
2024-06-14,美妆,761.05,30.0,华南,新客
2024-06-14,服装,40.43,21.0,西南,个人客户
2024-06-14,电子产品,1487.48,24.0,华南,新客
2024-06-14,食品,388.67,19.0,东北,个人客户
2024-06-15,电子产品,1921.83,48.0,华南,老客
2024-06-15,食品,1019.19,28.0,东北,新客
2024-06-15,食品,1196.79,37.0,西南,新客
2024-06-15,电子产品,309.18,19.0,西南,个人客户
2024-06-15,服装,859.6,16.0,西南,企业客户
2024-06-15,服装,1111.64,28.0,西南,个人客户
2024-06-15,美妆,1959.99,46.0,华东,新客
2024-06-15,家居,1086.53,44.0,华东,新客
2024-06-15,电子产品,1999.42,42.0,西南,老客
2024-06-15,服装,1857.48,19.0,华南,老客
2024-06-15,电子产品,1597.04,6.0,华东,老客
2024-06-15,美妆,1687.34,13.0,华东,新客
2024-06-15,家居,1272.02,24.0,华东,企业客户
2024-06-15,食品,1835.88,35.0,东北,新客
2024-06-16,电子产品,246.6,12.0,东北,老客
2024-06-16,电子产品,1545.48,20.0,华南,新客
2024-06-16,家居,988.91,18.0,华东,新客
2024-06-16,家居,402.0,7.0,华东,新客
2024-06-16,电子产品,559.78,27.0,西南,老客
2024-06-16,家居,549.6,18.0,西南,新客
2024-06-16,家居,605.3,26.0,西南,企业客户
2024-06-16,美妆,1544.46,23.0,东北,个人客户
2024-06-17,服装,474.95,7.0,华南,老客
2024-06-17,美妆,1465.18,44.0,东北,个人客户
2024-06-17,美妆,-615.19,19.0,东北,老客
2024-06-17,食品,695.89,36.0,东北,新客
2024-06-17,电子产品,1214.88,50.0,西南,老客
2024-06-17,家居,1680.2,44.0,华南,企业客户
2024-06-17,服装,256.5,45.0,华东,个人客户
2024-06-17,服装,1045.94,3.0,东北,个人客户
2024-06-17,家居,1144.74,18.0,华东,老客
2024-06-17,电子产品,125.08,10.0,西南,老客
2024-06-17,电子产品,335.2,36.0,西南,新客
2024-06-18,服装,319.06,14.0,华东,企业客户
2024-06-18,家居,1290.9,12.0,华北,老客
2024-06-18,电子产品,1478.09,48.0,西南,企业客户
2024-06-18,食品,541.47,35.0,华北,老客
2024-06-18,食品,1972.64,2.0,华北,企业客户
2024-06-18,家居,1539.79,13.0,华北,老客
2024-06-18,电子产品,1397.85,41.0,华北,老客
2024-06-18,食品,220.04,21.0,华南,个人客户
2024-06-18,服装,489.46,10.0,华北,个人客户
2024-06-18,美妆,295.36,25.0,华北,老客
2024-06-18,美妆,782.06,40.0,华东,企业客户
2024-06-18,食品,39.52,40.0,华北,新客
2024-06-19,食品,535.35,22.0,华北,企业客户
2024-06-19,食品,1215.34,38.0,华南,老客
2024-06-19,美妆,1511.35,27.0,华南,个人客户
2024-06-19,电子产品,1797.07,43.0,华南,老客
2024-06-19,食品,816.75,36.0,华南,个人客户
2024-06-19,食品,1724.37,30.0,西南,企业客户
2024-06-19,家居,845.97,45.0,华南,企业客户
2024-06-19,食品,1126.67,49.0,西南,老客
2024-06-19,服装,814.63,9.0,华东,企业客户
2024-06-19,电子产品,1658.95,39.0,华北,新客
2024-06-19,家居,1564.63,40.0,华南,个人客户
2024-06-19,食品,1070.43,9.0,华北,个人客户
2024-06-19,美妆,512.07,7.0,华东,企业客户
2024-06-20,美妆,942.44,30.0,华东,企业客户
2024-06-20,服装,466.83,4.0,华东,老客
2024-06-20,电子产品,42.97,10.0,西南,老客
2024-06-20,服装,1361.22,29.0,华北,个人客户
2024-06-20,食品,1531.27,5.0,华北,老客
2024-06-20,美妆,1847.64,39.0,华东,企业客户
2024-06-20,食品,126.97,19.0,华南,老客
2024-06-20,电子产品,162.71,28.0,华东,老客
2024-06-20,服装,85.81,1.0,华北,老客
2024-06-20,美妆,1047.82,7.0,西南,个人客户
2024-06-20,服装,614.39,43.0,东北,个人客户
2024-06-21,服装,956.91,43.0,华东,新客
2024-06-21,家居,228.24,34.0,华东,企业客户
2024-06-21,电子产品,959.51,42.0,华南,老客
2024-06-21,电子产品,493.73,11.0,华东,新客
2024-06-21,美妆,480.48,27.0,华南,新客
2024-06-21,服装,646.63,38.0,华北,企业客户
2024-06-21,家居,733.31,11.0,东北,个人客户
2024-06-21,食品,1194.65,24.0,西南,企业客户
2024-06-21,家居,1120.47,49.0,西南,企业客户
2024-06-21,服装,1160.97,31.0,东北,老客
2024-06-21,美妆,1732.39,25.0,华南,新客
2024-06-21,美妆,999.13,27.0,华北,老客
2024-06-22,美妆,413.94,42.0,东北,个人客户
2024-06-22,食品,983.53,3.0,华南,老客
2024-06-22,食品,1788.37,40.0,华北,新客
2024-06-22,美妆,1940.23,,华北,老客
2024-06-22,家居,1887.8,46.0,华北,企业客户
2024-06-22,美妆,675.77,27.0,华北,新客
2024-06-22,美妆,1395.14,14.0,华东,新客
2024-06-22,美妆,376.23,1.0,华东,企业客户
2024-06-22,美妆,1939.79,19.0,西南,个人客户
2024-06-22,家居,123.36,26.0,华东,老客
2024-06-23,美妆,772.54,19.0,华南,企业客户
2024-06-23,服装,720.81,18.0,华北,老客
2024-06-23,服装,1998.9,24.0,西南,老客
2024-06-23,电子产品,1955.31,48.0,华南,企业客户
2024-06-23,美妆,1111.91,19.0,华北,老客
2024-06-23,美妆,430.74,36.0,华北,企业客户
2024-06-23,美妆,1207.44,12.0,西南,个人客户
2024-06-23,服装,1873.71,41.0,华东,企业客户
2024-06-23,美妆,104.66,41.0,华南,新客
2024-06-23,家居,1736.78,25.0,华东,老客
2024-06-24,服装,1286.8,27.0,华南,个人客户
2024-06-24,电子产品,503.26,29.0,华东,老客
2024-06-24,服装,1460.01,31.0,西南,企业客户
2024-06-24,电子产品,1728.18,33.0,西南,企业客户
2024-06-24,食品,1528.27,33.0,东北,老客
2024-06-24,电子产品,119.0,25.0,华北,个人客户
2024-06-24,食品,862.89,50.0,华东,新客
2024-06-24,家居,1691.36,21.0,华东,个人客户
2024-06-24,家居,1880.05,31.0,华南,新客
2024-06-24,美妆,1482.31,12.0,东北,新客
2024-06-25,食品,623.73,11.0,华东,新客
2024-06-25,电子产品,643.92,11.0,华南,新客
2024-06-25,服装,73.14,5.0,西南,新客
2024-06-25,食品,1380.46,46.0,东北,新客
2024-06-25,美妆,1993.76,31.0,华南,老客
2024-06-25,家居,361.52,50.0,华东,老客
2024-06-25,美妆,423.92,3.0,华北,老客
2024-06-25,电子产品,-1506.91,50.0,西南,个人客户
2024-06-25,服装,596.69,19.0,华北,老客
2024-06-26,家居,1222.75,17.0,华南,企业客户
2024-06-26,家居,498.83,20.0,华南,企业客户
2024-06-26,家居,443.63,27.0,华北,老客
2024-06-26,食品,1544.36,17.0,华南,企业客户
2024-06-26,美妆,463.14,50.0,东北,企业客户
2024-06-26,家居,642.08,21.0,华北,老客
2024-06-26,家居,272.52,4.0,华北,老客
2024-06-26,电子产品,961.49,5.0,华北,企业客户
2024-06-26,家居,671.83,34.0,华南,个人客户
2024-06-26,美妆,789.16,9.0,东北,老客
2024-06-26,服装,1722.69,35.0,东北,个人客户
2024-06-26,服装,1255.36,31.0,华北,老客
2024-06-26,食品,945.46,38.0,东北,新客
2024-06-26,服装,505.8,29.0,华南,个人客户
2024-06-27,家居,1189.85,41.0,东北,老客
2024-06-27,电子产品,603.25,41.0,西南,新客
2024-06-27,服装,119.43,8.0,西南,个人客户
2024-06-27,家居,151.41,39.0,东北,新客
2024-06-27,美妆,145.39,26.0,华南,老客
2024-06-27,家居,364.36,19.0,华南,企业客户
2024-06-27,服装,424.94,36.0,华北,新客
2024-06-27,食品,189.7,35.0,西南,个人客户
2024-06-27,美妆,1434.6,43.0,东北,个人客户
2024-06-28,食品,392.63,49.0,华南,个人客户
2024-06-28,食品,57.5,27.0,华南,老客
2024-06-28,家居,1171.58,39.0,华南,企业客户
2024-06-28,美妆,1599.71,50.0,华东,老客
2024-06-28,电子产品,1851.77,6.0,华东,企业客户
2024-06-28,服装,145.3,14.0,华东,老客
2024-06-28,美妆,559.05,32.0,西南,企业客户
2024-06-28,美妆,383.23,33.0,华东,个人客户
2024-06-28,家居,1257.92,26.0,西南,老客
2024-06-28,电子产品,565.09,49.0,华南,个人客户
2024-06-29,电子产品,1473.09,12.0,东北,老客
2024-06-29,服装,1035.83,42.0,华南,新客
2024-06-29,美妆,1553.25,24.0,华东,新客
2024-06-29,家居,1766.7,39.0,西南,个人客户
2024-06-29,服装,1156.68,5.0,华北,新客
2024-06-29,服装,542.8,27.0,东北,新客
2024-06-29,电子产品,1167.51,35.0,东北,新客
2024-06-29,电子产品,571.12,37.0,华东,个人客户
2024-06-30,食品,506.94,22.0,华南,老客
2024-06-30,食品,1267.62,36.0,华东,企业客户
2024-06-30,电子产品,1021.68,10.0,华北,新客
2024-06-30,家居,687.26,24.0,华南,个人客户
2024-06-30,美妆,288.59,37.0,华东,个人客户
2024-06-30,电子产品,518.99,12.0,华北,老客
2024-06-30,美妆,1316.18,9.0,西南,老客
2024-06-30,电子产品,936.79,36.0,西南,老客
2024-06-30,食品,99.08,39.0,华东,新客
2024-06-30,电子产品,1202.45,7.0,东北,企业客户
2024-07-01,电子产品,653.28,12.0,华东,企业客户
2024-07-01,家居,510.16,32.0,华南,新客
2024-07-01,美妆,1756.61,23.0,华北,老客
2024-07-01,食品,658.99,5.0,华东,个人客户
2024-07-01,家居,1216.95,30.0,华南,新客
2024-07-01,美妆,405.31,24.0,西南,老客
2024-07-01,电子产品,835.86,4.0,西南,个人客户
2024-07-01,电子产品,1109.06,13.0,东北,企业客户
2024-07-01,服装,1477.67,6.0,西南,企业客户
2024-07-01,食品,1754.11,27.0,西南,新客
2024-07-01,服装,794.36,27.0,华南,个人客户
2024-07-01,电子产品,463.64,26.0,华南,老客
2024-07-01,美妆,1049.71,46.0,东北,企业客户
2024-07-01,服装,1309.9,10.0,东北,个人客户
2024-07-01,家居,843.06,48.0,东北,新客
2024-07-02,食品,279.69,47.0,西南,老客
2024-07-02,美妆,1437.27,42.0,东北,企业客户
2024-07-02,服装,1953.46,30.0,华北,企业客户
2024-07-02,美妆,797.8,50.0,东北,新客
2024-07-02,食品,180.01,41.0,华南,新客
2024-07-02,食品,1976.29,26.0,华南,新客
2024-07-02,电子产品,1954.79,21.0,东北,新客
2024-07-02,食品,1859.43,25.0,华北,个人客户
2024-07-02,家居,206.13,48.0,华北,个人客户
2024-07-03,美妆,384.41,42.0,华东,企业客户
2024-07-03,电子产品,1890.64,15.0,华北,老客
2024-07-03,家居,1356.95,14.0,东北,个人客户
2024-07-03,服装,1857.13,34.0,西南,企业客户
2024-07-03,家居,1530.98,33.0,西南,老客
2024-07-03,食品,730.01,13.0,华北,个人客户
2024-07-03,食品,401.95,18.0,华东,老客
2024-07-03,电子产品,264.84,14.0,华北,个人客户
2024-07-03,美妆,859.55,16.0,华北,新客
2024-07-03,服装,282.96,33.0,西南,老客
2024-07-03,服装,1682.67,24.0,华北,老客
2024-07-03,服装,1368.09,41.0,华东,企业客户
2024-07-03,电子产品,333.18,23.0,华南,企业客户
2024-07-03,美妆,269.49,19.0,华南,企业客户
2024-07-04,美妆,1742.19,45.0,东北,新客
2024-07-04,服装,1146.23,22.0,华北,个人客户
2024-07-04,服装,301.08,45.0,西南,老客
2024-07-04,美妆,487.36,48.0,东北,企业客户
2024-07-04,服装,700.82,33.0,华南,新客
2024-07-04,食品,1904.05,9.0,华南,企业客户
2024-07-05,电子产品,1279.81,20.0,西南,老客
2024-07-05,食品,1784.07,44.0,华北,新客
2024-07-05,电子产品,-198.59,32.0,华南,新客
2024-07-05,美妆,405.35,50.0,华南,个人客户
2024-07-05,电子产品,895.37,47.0,西南,企业客户
2024-07-05,服装,426.28,27.0,西南,企业客户
2024-07-05,食品,1054.09,30.0,华南,个人客户
2024-07-05,服装,909.98,50.0,华北,个人客户
2024-07-06,美妆,1942.66,37.0,东北,企业客户
2024-07-06,食品,1163.4,16.0,华北,个人客户
2024-07-06,电子产品,1727.68,11.0,华北,个人客户
2024-07-06,电子产品,1146.76,5.0,华北,新客
2024-07-06,电子产品,1178.75,19.0,华南,企业客户
2024-07-06,美妆,86.57,26.0,西南,企业客户
2024-07-06,家居,1120.42,10.0,华南,新客
2024-07-06,服装,781.64,45.0,东北,企业客户
2024-07-06,电子产品,211.15,32.0,西南,新客
2024-07-06,家居,349.35,32.0,西南,新客
2024-07-06,美妆,499.65,4.0,华南,个人客户
2024-07-06,服装,621.73,34.0,华东,企业客户
2024-07-07,家居,1100.52,17.0,华北,老客
2024-07-07,家居,-974.7,50.0,西南,个人客户
2024-07-07,食品,-970.78,32.0,华东,老客
2024-07-07,食品,1838.51,46.0,华南,老客
2024-07-07,美妆,634.0,9.0,华北,企业客户
2024-07-07,食品,33.83,19.0,华南,企业客户
2024-07-07,电子产品,548.28,25.0,华东,老客
2024-07-07,美妆,899.73,32.0,西南,企业客户
2024-07-08,食品,318.21,45.0,东北,老客
2024-07-08,美妆,1677.64,7.0,西南,个人客户
2024-07-08,电子产品,1977.19,33.0,华北,企业客户
2024-07-08,美妆,1491.01,34.0,东北,新客
2024-07-08,电子产品,158.47,26.0,华东,个人客户
2024-07-08,家居,416.7,19.0,华北,企业客户
2024-07-08,服装,674.25,42.0,东北,新客
2024-07-08,家居,1215.2,33.0,华北,老客
2024-07-08,美妆,1842.51,44.0,东北,企业客户
2024-07-08,服装,1351.19,29.0,华南,新客
2024-07-08,食品,1504.37,27.0,华南,个人客户
2024-07-08,服装,1631.4,6.0,东北,企业客户
2024-07-08,美妆,1454.68,39.0,华北,企业客户
2024-07-09,服装,178.53,26.0,华东,企业客户
2024-07-09,美妆,740.79,24.0,西南,老客
2024-07-09,电子产品,1081.6,34.0,华东,老客
2024-07-09,家居,1193.9,31.0,西南,新客
2024-07-09,食品,584.93,39.0,华东,老客
2024-07-10,美妆,560.13,14.0,东北,企业客户
2024-07-10,电子产品,1506.16,3.0,华北,企业客户
2024-07-10,服装,976.12,13.0,华南,老客
2024-07-10,家居,1954.81,10.0,华南,新客
2024-07-10,食品,1883.36,18.0,东北,新客
2024-07-10,家居,1392.28,47.0,西南,新客
2024-07-10,服装,1560.03,20.0,华东,企业客户
2024-07-10,家居,1572.43,9.0,华北,企业客户
2024-07-10,食品,991.31,23.0,西南,老客
2024-07-10,服装,1906.52,39.0,西南,企业客户
2024-07-10,服装,209.24,41.0,西南,企业客户
2024-07-10,电子产品,1864.33,50.0,华北,新客
2024-07-10,食品,751.0,49.0,华北,老客
2024-07-10,服装,1457.36,27.0,东北,个人客户
2024-07-10,电子产品,664.86,21.0,华南,企业客户
2024-07-11,美妆,21.18,7.0,西南,个人客户
2024-07-11,美妆,672.66,47.0,东北,企业客户
2024-07-11,家居,349.3,31.0,华南,老客
2024-07-11,美妆,1960.26,20.0,华北,个人客户
2024-07-11,家居,1622.26,38.0,东北,老客
2024-07-11,家居,130.96,5.0,东北,老客
2024-07-11,美妆,1590.5,3.0,华东,个人客户
2024-07-11,电子产品,586.5,42.0,华北,新客
2024-07-11,家居,482.65,31.0,华北,个人客户
2024-07-11,电子产品,1460.75,7.0,东北,新客
2024-07-11,食品,1839.16,42.0,华南,个人客户
2024-07-12,食品,695.93,3.0,西南,新客
2024-07-12,美妆,803.7,49.0,华北,老客
2024-07-12,家居,124.0,26.0,西南,新客
2024-07-12,食品,418.28,26.0,华北,老客
2024-07-12,服装,1899.14,14.0,华南,个人客户
2024-07-12,美妆,1398.67,11.0,西南,个人客户
2024-07-12,美妆,610.76,28.0,东北,老客
2024-07-12,服装,303.53,28.0,东北,新客
2024-07-13,食品,718.37,33.0,西南,新客
2024-07-13,家居,1747.71,11.0,华北,企业客户
2024-07-13,家居,649.57,5.0,华北,企业客户
2024-07-13,服装,899.77,20.0,华北,老客
2024-07-13,服装,1733.62,15.0,华南,老客
2024-07-13,食品,1786.43,13.0,华南,新客
2024-07-13,美妆,971.13,43.0,西南,新客
2024-07-13,美妆,1368.64,42.0,东北,新客
2024-07-13,食品,144.47,15.0,华东,个人客户
2024-07-13,美妆,960.25,6.0,华东,个人客户
2024-07-14,美妆,1947.25,48.0,西南,个人客户
2024-07-14,服装,1972.69,43.0,西南,新客
2024-07-14,电子产品,931.24,6.0,华东,新客
2024-07-14,美妆,1654.12,44.0,东北,企业客户
2024-07-14,家居,1765.98,28.0,东北,新客
2024-07-14,电子产品,1368.49,20.0,西南,个人客户
2024-07-14,电子产品,1475.93,44.0,华东,企业客户
2024-07-14,美妆,71.46,49.0,华北,新客
2024-07-14,美妆,909.65,10.0,西南,企业客户
2024-07-15,家居,728.77,45.0,西南,企业客户
2024-07-15,美妆,1234.88,2.0,东北,新客
2024-07-15,电子产品,1716.87,37.0,东北,企业客户
2024-07-15,家居,245.59,12.0,华南,老客
2024-07-15,家居,560.49,23.0,西南,老客
2024-07-15,电子产品,1243.85,32.0,东北,新客
2024-07-15,食品,1720.93,39.0,东北,老客
2024-07-15,服装,1158.3,21.0,华东,老客
2024-07-15,电子产品,1235.65,29.0,华北,企业客户
2024-07-16,服装,1470.64,7.0,华南,老客
2024-07-16,电子产品,-1616.37,6.0,华北,新客
2024-07-16,食品,1972.56,49.0,西南,个人客户
2024-07-16,电子产品,1038.9,43.0,东北,老客
2024-07-16,家居,1303.61,49.0,华北,个人客户
2024-07-16,食品,313.71,30.0,华南,个人客户
2024-07-16,服装,1867.4,21.0,华东,企业客户
2024-07-16,电子产品,141.71,43.0,华南,企业客户
2024-07-17,美妆,857.04,8.0,华东,新客
2024-07-17,电子产品,1377.1,14.0,东北,老客
2024-07-17,电子产品,1501.6,16.0,华北,企业客户
2024-07-17,家居,649.99,46.0,西南,老客
2024-07-17,美妆,1163.43,2.0,华南,个人客户
2024-07-17,食品,1874.19,28.0,西南,个人客户
2024-07-17,服装,1802.88,10.0,华东,老客
2024-07-17,服装,835.99,14.0,华北,个人客户
2024-07-17,美妆,668.06,30.0,华东,新客
2024-07-18,美妆,1838.62,21.0,西南,企业客户
2024-07-18,家居,1644.01,,西南,新客
2024-07-18,电子产品,508.24,21.0,华北,老客
2024-07-18,家居,1236.67,26.0,西南,老客
2024-07-18,服装,1740.56,34.0,华北,新客
2024-07-18,家居,1013.68,9.0,华东,企业客户
2024-07-18,服装,1301.39,8.0,华北,老客
2024-07-18,服装,603.5,36.0,西南,个人客户
2024-07-18,服装,1804.25,37.0,东北,个人客户
2024-07-19,家居,764.59,24.0,华东,个人客户
2024-07-19,美妆,448.56,10.0,华南,个人客户
2024-07-19,食品,653.67,39.0,东北,个人客户
2024-07-19,食品,1555.29,6.0,华东,新客
2024-07-19,电子产品,1584.23,13.0,西南,企业客户
2024-07-19,电子产品,429.75,37.0,华北,新客
2024-07-19,家居,969.78,23.0,东北,新客
2024-07-19,美妆,1422.54,21.0,华东,个人客户
2024-07-19,食品,276.94,30.0,东北,新客
2024-07-19,服装,1165.38,47.0,华东,老客
2024-07-20,美妆,1194.85,36.0,西南,老客
2024-07-20,服装,1740.73,15.0,华南,个人客户
2024-07-20,美妆,932.27,3.0,西南,老客
2024-07-20,服装,690.0,20.0,西南,个人客户
2024-07-20,家居,1484.84,18.0,华北,个人客户
2024-07-20,食品,1941.24,50.0,华南,新客
2024-07-20,家居,1995.97,45.0,华东,新客
2024-07-20,美妆,843.54,26.0,华东,新客
2024-07-20,家居,707.69,47.0,华南,企业客户
2024-07-21,服装,92.48,13.0,西南,个人客户
2024-07-21,食品,383.05,11.0,华北,老客
2024-07-21,家居,1555.87,29.0,西南,新客
2024-07-21,电子产品,591.05,32.0,华南,老客
2024-07-21,电子产品,1172.6,36.0,华东,个人客户
2024-07-21,食品,1755.56,50.0,东北,企业客户
2024-07-21,家居,1962.02,3.0,华南,新客
2024-07-21,电子产品,115.14,20.0,华东,新客
2024-07-21,食品,330.75,2.0,华南,个人客户
2024-07-21,电子产品,1185.93,12.0,华北,企业客户
2024-07-21,食品,1245.75,33.0,东北,个人客户
2024-07-21,美妆,366.64,25.0,东北,个人客户
2024-07-21,家居,949.95,3.0,华东,新客
2024-07-22,美妆,1668.06,30.0,华南,老客
2024-07-22,服装,110.26,22.0,华东,企业客户
2024-07-22,电子产品,1180.99,19.0,华南,个人客户
2024-07-22,家居,729.76,10.0,华南,老客
2024-07-22,电子产品,1746.76,39.0,西南,新客
2024-07-22,美妆,60.66,45.0,华北,企业客户
2024-07-23,美妆,966.4,,西南,企业客户
2024-07-23,电子产品,1765.2,12.0,华北,老客
2024-07-23,美妆,351.67,48.0,华北,新客
2024-07-23,食品,1086.84,37.0,华北,企业客户
2024-07-23,美妆,97.5,14.0,华南,企业客户
2024-07-23,服装,1385.6,15.0,西南,个人客户
2024-07-23,电子产品,477.81,36.0,华北,个人客户
2024-07-23,电子产品,258.24,31.0,华南,企业客户
2024-07-23,食品,603.92,17.0,华东,企业客户
2024-07-23,电子产品,282.37,11.0,华东,老客
2024-07-24,家居,834.35,16.0,华南,老客
2024-07-24,电子产品,1400.17,11.0,西南,企业客户
2024-07-24,家居,869.62,47.0,华南,老客
2024-07-24,家居,947.19,20.0,西南,老客
2024-07-24,家居,1987.43,27.0,华北,个人客户
2024-07-24,家居,1334.79,31.0,华南,企业客户
2024-07-24,家居,1315.6,30.0,华南,个人客户
2024-07-25,家居,594.01,14.0,华南,老客
2024-07-25,服装,962.5,14.0,华南,新客
2024-07-25,家居,788.44,36.0,华北,新客
2024-07-25,电子产品,1810.56,23.0,华东,老客
2024-07-25,家居,-217.47,2.0,华东,企业客户
2024-07-25,美妆,35.49,20.0,华东,个人客户
2024-07-25,美妆,1067.34,19.0,东北,新客
2024-07-25,家居,1623.86,43.0,华北,个人客户
2024-07-25,家居,1480.14,5.0,华南,个人客户
2024-07-26,家居,1437.77,3.0,华北,个人客户
2024-07-26,服装,1522.44,45.0,西南,新客
2024-07-26,家居,1009.4,21.0,东北,个人客户
2024-07-26,食品,1694.13,43.0,华北,企业客户
2024-07-26,服装,621.59,8.0,东北,老客
2024-07-26,食品,1585.97,16.0,华东,个人客户
2024-07-26,家居,636.63,17.0,华南,新客
2024-07-26,电子产品,1283.6,7.0,华南,新客
2024-07-27,食品,98.1,24.0,华北,老客
2024-07-27,家居,1131.93,27.0,西南,老客
2024-07-27,家居,734.24,20.0,华东,个人客户
2024-07-27,电子产品,80.08,35.0,华东,新客
2024-07-27,服装,620.29,15.0,西南,新客
2024-07-27,家居,211.8,34.0,西南,新客
2024-07-27,服装,670.55,39.0,华东,新客
2024-07-27,食品,1889.39,15.0,华南,新客
2024-07-27,家居,590.16,25.0,华南,老客
2024-07-28,电子产品,1733.28,50.0,华南,个人客户
2024-07-28,家居,1628.15,5.0,东北,企业客户
2024-07-28,电子产品,351.15,33.0,华北,老客
2024-07-28,美妆,1521.64,6.0,西南,个人客户
2024-07-28,服装,712.32,15.0,华东,个人客户
2024-07-29,食品,1490.82,1.0,华南,老客
2024-07-29,服装,551.17,11.0,华南,新客
2024-07-29,家居,1452.64,30.0,华南,新客
2024-07-29,食品,1867.84,10.0,华南,企业客户
2024-07-29,家居,1853.21,6.0,华东,新客
2024-07-29,家居,1875.68,19.0,东北,老客
2024-07-29,电子产品,1305.61,43.0,华北,老客
2024-07-29,电子产品,601.66,6.0,华北,新客
2024-07-29,美妆,958.5,15.0,华南,老客
2024-07-29,电子产品,805.95,44.0,华东,个人客户
2024-07-30,美妆,1191.13,7.0,华东,企业客户
2024-07-30,电子产品,1411.64,39.0,华北,企业客户
2024-07-30,食品,-228.17,45.0,西南,个人客户
2024-07-30,家居,600.07,47.0,华东,新客
2024-07-30,家居,1836.82,3.0,华南,个人客户
2024-07-30,美妆,1901.75,23.0,西南,企业客户
2024-07-30,美妆,1130.13,25.0,东北,老客
2024-07-30,电子产品,843.66,21.0,西南,新客
2024-07-31,美妆,1554.73,17.0,西南,企业客户
2024-07-31,电子产品,500.63,25.0,华南,新客
2024-07-31,服装,690.47,19.0,华北,企业客户
2024-07-31,家居,910.42,,西南,老客
2024-07-31,美妆,424.66,6.0,西南,老客
2024-07-31,美妆,563.47,44.0,华东,老客
2024-07-31,服装,1313.06,1.0,华东,老客
2024-07-31,家居,1109.25,42.0,华北,老客
2024-07-31,服装,322.92,47.0,东北,新客
2024-07-31,食品,221.76,44.0,东北,企业客户
2024-07-31,美妆,1705.17,9.0,华南,老客
,家居,1108.33,10.0,华东,新客
,美妆,1619.8,15.0,华北,个人客户
,服装,579.55,41.0,华东,个人客户
